id,name,associated_reactions
G_STM0685,nagE,[]
G_STM1203,ptsG,[]
G_STM4122,argB,[]
G_STM1473,ompN,[]
G_STM2992,argA,[]
G_STM0999,ompF,[]
G_STM3901,ilvG,[]
G_STM3795,ilvN,[]
G_STM3796,ilvB,[]
G_STM3902,ilvM,[]
G_STM2337,ackA,[]
G_STM3242,tdcD,[]
G_STM2267,ompC,[]
G_STM0320,phoE,[]
G_STM2037,pduF,[]
G_STM0066,carA,[]
G_STM0067,carB,[]
G_STM1883,purT,[]
G_STM3929,wecG,[]
G_STM3576,zntA,[]
G_STM1832,manZ,[]
G_STM0758,ybgR,[]
G_STM4061,yiiP,[]
G_STM3190,ygiE,[]
G_STM4064,ushB,[]
G_STM4227,malG,[]
G_STM4228,malF,[]
G_STM4230,malK,[]
G_STM4229,malE,[]
G_STM4231,lamB,[]
G_STM4403,cpdB,[]
G_STM1831,manY,[]
G_STM1830,manX,[]
G_STM3338,nanT,[]
G_STM3009,ygeD,[]
G_STM3010,aas,[]
G_STM1779,ipk,[]
G_STM3339,nanA,[]
G_STM0309,yafH,[]
G_STM1427,cfa,[]
G_STM3646,yiaE,[]
G_STM1193,fabH,[]
G_STM4120,argE,[]
G_STM1712,acnA,[]
G_STM0457,cof,[]
G_STM2164,yehY,[]
G_STM0158,acnB,[]
G_STM2162,yehW,[]
G_STM2165,yehZ,[]
G_STM2163,yehX,[]
G_STM1235,ymfB,[]
G_STM3468,argD,[]
G_STM0227,fabZ,[]
G_STM1303,astC,[]
G_STM1067,fabA,[]
G_STM2384,aroC,[]
G_STM2577,acpS,[]
G_STM3674,lyxK,[]
G_STM3583,acpT,[]
G_STM4233,ubiC,[]
G_STM2645,yfiK,[]
G_STM2927,surE,[]
G_STM0623,citD,[]
G_STM1517,ydeD,[]
G_STM1195,fabG,[]
G_STM4273,yjcG,[]
G_STM2378,fabB,[]
G_STM0060,citE2,[]
G_STM0061,citF2,[]
G_STM1197,fabF,[]
G_STM1463,add,[]
G_STM0622,citE,[]
G_STM0059,citD2,[]
G_STM0621,citF,[]
G_STM1198,pabC,[]
G_STM1743,oppD,[]
G_STM3469,pabA,[]
G_STM1742,oppF,[]
G_STM0620,citX,[]
G_STM0618,citT,[]
G_STM1824,pabB,[]
G_STM1739,cls,[]
G_STM1745,oppB,[]
G_STM1744,oppC,[]
G_STM3747,yicE,[]
G_STM0812,ybhO,[]
G_STM1679,mppA,[]
G_STM0488,adk,[]
G_STM0165,speD,[]
G_STM1800,ycgQ,[]
G_STM1490,STM1490,[]
G_STM3939,cyaA,[]
G_STM0203,yadQ,[]
G_STM0051,rihC,[]
G_STM4483,idnO,[]
G_STM2409,nupC,[]
G_STM4482,idnT,[]
G_STM3952,corA,[]
G_STM3113,nupG,[]
G_STM0984,msbA,[]
G_STM0207,pfs,[]
G_STM2421,xapB,[]
G_STM0413,tsx,[]
G_STM3315,yrbH,[]
G_STM1196,acpP,[]
G_STM1204,fhuE,[]
G_STM1342,btuD,[]
G_STM2451,hemF,[]
G_STM1340,btuC,[]
G_STM1963,amyA,[]
G_STM0206,btuF,[]
G_STM4004,hemN,[]
G_STM3158,exbD,[]
G_STM3664,malS,[]
G_STM3159,exbB,[]
G_STM0072,caiB,[]
G_STM0071,caiC,[]
G_STM1737,tonB,[]
G_STM0070,caiD,[]
G_STM2792,gabT,[]
G_STM4130,btuB,[]
G_STM1597,ydcW,[]
G_STM3185,yqiE,[]
G_STM2793,gabP,[]
G_STM0483,apt,[]
G_STM1749,adhE,[]
G_STM2811,proX,[]
G_STM2933,cysC,[]
G_STM2809,proV,[]
G_STM2810,proW,[]
G_STM1232,purB,[]
G_STM2463,eutE,[]
G_STM4366,purA,[]
G_STM4290,proP,[]
G_STM0074,caiT,[]
G_STM0683,nagA,[]
G_STM0146,ampD,[]
G_STM0730,gltA,[]
G_STM2991,amiC,[]
G_STM2450,amiA,[]
G_STM2953,pyrG,[]
G_STM0168,cueO,[]
G_s0001,s0001,[]
G_STM4358,amiB,[]
G_STM1209,nagZ,[]
G_STM2018,cobU,[]
G_STM0498,copA,[]
G_STM0444,ampG,[]
G_STM3710,rfaD,[]
G_STM0353,STM0353,[]
G_STM0232,accA,[]
G_STM3078,speB,[]
G_STM3379,accB,[]
G_STM3525,glpE,[]
G_STM3173,plsC,[]
G_STM1686,pspE,[]
G_STM3380,accC,[]
G_STM4121,argC,[]
G_STM2366,accD,[]
G_STM3161,metC,[]
G_STM4176,purH,[]
G_STM4275,acs,[]
G_STM0533,purK,[]
G_STM2430,cysK,[]
G_STM0534,purE,[]
G_STM0371,prpE,[]
G_STM0154,lpdA,[]
G_STM1220,ycfX,[]
G_STM2440,cysM,[]
G_STM0737,sucB,[]
G_STM2984,csdA,[]
G_STM0736,sucA,[]
G_STM2654,kgtP,[]
G_STM3918,rfe,[]
G_STM3630,dppA,[]
G_STM2432,ptsI,[]
G_STM2433,crr,[]
G_STM1464,STM1464,[]
G_STM2431,ptsH,[]
G_STM3627,dppD,[]
G_STM1557,STM1557,[]
G_STM3629,dppB,[]
G_STM3628,dppC,[]
G_STM3626,dppF,[]
G_STM0537,cysS,[]
G_STM0130,ddlB,[]
G_STM0957,cydD,[]
G_STM4340,frdD,[]
G_STM0380,ddlA,[]
G_STM4342,frdB,[]
G_STM0956,cydC,[]
G_STM1681,ycjG,[]
G_STM0441,cyoC,[]
G_STM1802,dadX,[]
G_STM0442,cyoB,[]
G_STM4343,frdA,[]
G_STM4341,frdC,[]
G_STM0440,cyoD,[]
G_STM4247,alr,[]
G_STM0443,cyoA,[]
G_STM2205,fruK,[]
G_STM2555,glyA,[]
G_STM2206,fruF,[]
G_STM2204,fruA,[]
G_STM2183,cdd,[]
G_STM0934,ltaA,[]
G_STM0661,ybeK,[]
G_STM1756,purU,[]
G_STM2827,alaS,[]
G_STM2975,STM2975,[]
G_STM3567,livJ,[]
G_STM1469,fumC,[]
G_STM0761,STM0761,[]
G_STM2122,udk,[]
G_STM3560,livF,[]
G_STM0980,cmk,[]
G_STM3563,livH,[]
G_STM1803,dadA,[]
G_STM0762,STM0762,[]
G_STM3561,livG,[]
G_STM1468,fumA,[]
G_STM4300,fumB,[]
G_STM4236,dgkA,[]
G_STM3013,lysA,[]
G_STM3947,dapF,[]
G_STM3562,livM,[]
G_STM3862,glmU,[]
G_STM4398,cycA,[]
G_STM1117,agp,[]
G_STM1954,fliY,[]
G_STM0006,yaaJ,[]
G_STM0222,cdsA,[]
G_STM3195,ribB,[]
G_STM2095,rfbA,[]
G_STM3680,aldB,[]
G_STM3923,rffH,[]
G_STM1489,ynfK,[]
G_STM0527,allC,[]
G_STM0797,bioD,[]
G_STM0202,hemL,[]
G_STM0523,allB,[]
G_STM4249,aphA,[]
G_STM4235,plsB,[]
G_STM2121,dcd,[]
G_STM0522,allP,[]
G_STM0255,yafB,[]
G_STM2391,fadL,[]
G_STM3165,yqhE,[]
G_STM3829,dgoK,[]
G_STM1288,STM1288,[]
G_STM3612,kdgK,[]
G_STM4108,gldA,[]
G_STM1347,aroH,[]
G_STM3513,malQ,[]
G_STM3554,ugpC,[]
G_STM3556,ugpA,[]
G_STM3337,nanE,[]
G_STM2670,aroF,[]
G_STM0760,aroG,[]
G_STM3336,nanK,[]
G_STM3555,ugpE,[]
G_STM0793,bioA,[]
G_STM3557,ugpB,[]
G_STM3740,gmk,[]
G_STM3970,ubiE,[]
G_STM3904,ilvD,[]
G_STM3700,gpsA,[]
G_STM4164,thiC,[]
G_STM2285,glpB,[]
G_STM0598,entA,[]
G_STM2009,amn,[]
G_STM0596,entE,[]
G_STM0064,dapB,[]
G_STM1057,pepN,[]
G_STM2286,glpC,[]
G_STM2536,pepB,[]
G_STM3526,glpD,[]
G_STM2489,dapA,[]
G_STM4477,pepA,[]
G_STM2284,glpA,[]
G_STM0316,pepD,[]
G_STM0087,folA,[]
G_STM1446,ydhH,[]
G_STM2365,folC,[]
G_STM0322,proA,[]
G_STM1724,trpD,[]
G_STM0684,nagB,[]
G_STM1886,zwf,[]
G_STM4090,menA,[]
G_STM1723,trpE,[]
G_STM0795,bioF,[]
G_STM3206,folB,[]
G_STM0088,apaH,[]
G_STM1058,pyrD,[]
G_STM3827,dgoT,[]
G_STM0416,ribD,[]
G_STM2962,gudT,[]
G_STM0102,araA,[]
G_STM1163,pyrC,[]
G_STM0192,fhuC,[]
G_STM3295,folP,[]
G_STM0774,galK,[]
G_STM0194,fhuB,[]
G_STM2101,wcaK,[]
G_STM0193,fhuD,[]
G_STM0773,galM,[]
G_STM3486,aroB,[]
G_STM3016,araE,[]
G_STM1358,aroD,[]
G_STM1522,ydeA,[]
G_STM4298,melA,[]
G_STM4294,yjdE,[]
G_STM3719,rfaB,[]
G_STM0423,ispA,[]
G_STM4296,adi,[]
G_STM0049,lytB,[]
G_STM3086,speA,[]
G_STM3134,STM3134,[]
G_STM1477,ydgI,[]
G_STM1752,galU,[]
G_STM2276,ubiG,[]
G_STM4123,argH,[]
G_STM1900,ntpA,[]
G_STM2098,galF,[]
G_STM1909,argS,[]
G_STM2353,hisQ,[]
G_STM2190,mglB,[]
G_STM2189,mglA,[]
G_STM0137,mutT,[]
G_STM2355,argT,[]
G_STM3668,yiaK,[]
G_STM2188,mglC,[]
G_STM0889,artQ,[]
G_STM3091,galP,[]
G_STM0890,artI,[]
G_STM1290,gapA,[]
G_STM0140,yacE,[]
G_STM0891,artP,[]
G_STM0887,artJ,[]
G_STM2500,purN,[]
G_STM2352,hisM,[]
G_STM0888,artM,[]
G_STM2108,wcaG,[]
G_STM2351,hisP,[]
G_STM2956,relA,[]
G_STM3066,yggA,[]
G_STM3742,spoT,[]
G_STM3539,asd,[]
G_STM2107,wcaH,[]
G_STM4382,yjfR,[]
G_STM2477,yffH,[]
G_STM3861,glmS,[]
G_STM4385,ptxA,[]
G_STM3538,glgB,[]
G_STM4384,sgaB,[]
G_STM0847,ybiK,[]
G_STM0472,maa,[]
G_STM3598,STM3598,[]
G_STM0169,gcd,[]
G_STM1294,ansA,[]
G_STM4567,deoC,[]
G_STM3106,ansB,[]
G_STM0861,yliI,[]
G_STM0680,asnB,[]
G_STM3512,gntT,[]
G_STM3541,gntU,[]
G_STM3997,dsbA,[]
G_STM3877,asnA,[]
G_STM1807,dsbB,[]
G_STM3534,glgP,[]
G_STM3514,malP,[]
G_STM1000,asnS,[]
G_STM3249,garL,[]
G_STM3043,dsbC,[]
G_STM1584,ansP,[]
G_STM2961,ygcY,[]
G_STM2960,gudD,[]
G_STM0180,panD,[]
G_STM3535,glgA,[]
G_STM3722,rfaG,[]
G_STM4323,dsbD,[]
G_STM3915,trxA,[]
G_STM4459,pyrI,[]
G_STM2649,trxC,[]
G_STM3718,rfaI,[]
G_STM3717,rfaJ,[]
G_STM4460,pyrB,[]
G_STM4101,metL,[]
G_STM0161,kdgT,[]
G_STM0607,dsbG,[]
G_STM0002,thrA,[]
G_STM1200,tmk,[]
G_STM1750,tdk,[]
G_STM4220,lysC,[]
G_STM4568,deoA,[]
G_STM2641,nadB,[]
G_STM4570,deoD,[]
G_STM4326,aspA,[]
G_STM3731,dut,[]
G_STM0998,aspC,[]
G_STM0220,dxr,[]
G_STM1901,aspS,[]
G_STM0422,dxs,[]
G_STM0664,gltJ,[]
G_STM0663,gltK,[]
G_STM3660,xylB,[]
G_STM0662,gltL,[]
G_STM0665,gltI,[]
G_STM3692,lldP,[]
G_STM3614,dctA,[]
G_STM3070,epd,[]
G_STM4283,gltP,[]
G_STM1700,fabI,[]
G_STM1304,astA,[]
G_STM3713,rfaL,[]
G_STM1511,ydfG,[]
G_STM3928,wecF,[]
G_STM2071,hisG,[]
G_STM3919,wzzE,[]
G_STM3926,wzxE,[]
G_STM2388,yfcX,[]
G_STM3866,atpG,[]
G_STM3869,atpF,[]
G_STM3983,fadB,[]
G_STM3867,atpA,[]
G_STM1884,eda,[]
G_STM3872,atpI,[]
G_STM1885,edd,[]
G_STM3865,atpD,[]
G_STM1465,STM1465,[]
G_STM3868,atpH,[]
G_STM3871,atpB,[]
G_STM3537,glgX,[]
G_STM1155,htrB,[]
G_STM3864,atpC,[]
G_STM3536,glgC,[]
G_STM3870,atpE,[]
G_STM4007,glnA,[]
G_STM3644,bisC,[]
G_STM1889,msbB,[]
G_STM0794,bioB,[]
G_STM0686,glnS,[]
G_STM1771,chaA,[]
G_STM0829,glnP,[]
G_STM2401,ddg,[]
G_STM2952,eno,[]
G_STM2558,cadB,[]
G_STM0584,entD,[]
G_STM2458,eutB,[]
G_STM0828,glnQ,[]
G_STM0830,glnH,[]
G_STM3314,yrbG,[]
G_STM0321,proB,[]
G_STM2457,eutC,[]
G_STM1718,btuR,[]
G_STM2460,eutH,[]
G_STM4109,talC,[]
G_STM2818,gshA,[]
G_STM0330,STM0330,[]
G_STM1299,gdhA,[]
G_STM1525,yneH,[]
G_STM2362,purF,[]
G_STM4131,murI,[]
G_STM3331,gltD,[]
G_STM3330,gltB,[]
G_STM0840,ybiV(2),[]
G_STM0842,ybiV(1),[]
G_STM3787,uhpT,[]
G_STM0113,leuA,[]
G_STM0403,yajB,[]
G_STM0464,tesB,[]
G_STM1818,fadD,[]
G_STM1777,hemA,[]
G_STM2415,gltX,[]
G_STM3746,gltS,[]
G_STM3909,ilvC,[]
G_STM0517,gcl,[]
G_STM2389,yfcY,[]
G_STM3982,fadA,[]
G_STM1350,ydiD,[]
G_STM0988,kdsB,[]
G_STM4087,glpF,[]
G_STM3316,yrbI,[]
G_STM3979,ubiB,[]
G_STM1772,kdsA,[]
G_STM2947,cysI,[]
G_STM3709,kbl,[]
G_STM4386,sgaH,[]
G_STM2283,glpT,[]
G_STM2948,cysJ,[]
G_STM3675,sgbH,[]
G_STM3068,fba,[]
G_STM3529,STM3529,[]
G_STM0704,kdpC,[]
G_STM0525,glxK,[]
G_STM2141,fbaB,[]
G_STM0706,kdpA,[]
G_STM4085,glpX,[]
G_STM4415,fbp,[]
G_STM3247,garK,[]
G_STM0705,kdpB,[]
G_STM2959,STM2959,[]
G_STM3986,trkH,[]
G_STM2492,STM2492,[]
G_STM1695,sapD,[]
G_STM2976,fucI,[]
G_STM2977,fucK,[]
G_STM3880,kup,[]
G_STM2974,fucA,[]
G_STM3053,gcvP,[]
G_STM3054,gcvH,[]
G_STM3055,gcvT,[]
G_STM3409,trkA,[]
G_STM2916,ygbL,[]
G_STM0489,hemH,[]
G_STM0866,mdfA,[]
G_STM1135,ycdW,[]
G_STM0086,kefC,[]
G_STM1570,fdnG,[]
G_STM3457,kefB,[]
G_STM1620,STM1620,[]
G_STM4086,glpK,[]
G_STM2301,pqaB,[]
G_STM4036,fdoH,[]
G_STM1680,ycjI,[]
G_STM4035,fdoI,[]
G_STM0261,gloB,[]
G_STM2973,fucO,[]
G_STM3655,glyS,[]
G_STM1568,fdnI,[]
G_STM1647,ldhA,[]
G_STM4037,fdoG,[]
G_STM1569,fdnH,[]
G_STM3656,glyQ,[]
G_STM2109,gmd,[]
G_STM2167,dld,[]
G_STM2408,mntH,[]
G_STM4248,tyrB,[]
G_STM3200,rfaE,[]
G_STM0648,leuS,[]
G_STM0248,yaeD,[]
G_STM0592,fepD,[]
G_STM0591,fepG,[]
G_STM3564,livK,[]
G_STM0594,fepB,[]
G_STM0141,guaC,[]
G_STM0235,yaeR,[]
G_STM2510,guaA,[]
G_STM0590,fepC,[]
G_STM1435,gloA,[]
G_STM2199,cirA,[]
G_STM0229,lpxB,[]
G_STM0191,fhuA,[]
G_STM2081,gnd,[]
G_STM0506,tesA,[]
G_STM3542,gntK,[]
G_STM0585,fepA,[]
G_STM0593,ybdA,[]
G_STM3961,pldB,[]
G_STM2559,cadA,[]
G_STM2848,hycF,[]
G_STM0234,ldcC,[]
G_STM4485,idnK,[]
G_STM3040,lysS,[]
G_STM3553,ugpQ,[]
G_STM2200,lysP,[]
G_STM2282,glpQ,[]
G_STM2851,hycC,[]
G_STM4046,rhaA,[]
G_STM2852,hycB,[]
G_STM2849,hycE,[]
G_STM1165,grxB,[]
G_STM4050,rhaT,[]
G_STM0872,grxA,[]
G_STM4285,fdhF,[]
G_STM2850,hycD,[]
G_STM3694,lldD,[]
G_STM2847,hycG,[]
G_STM3702,grxC,[]
G_STM3686,mtlD,[]
G_STM1433,ydhD,[]
G_STM0694,fldA,[]
G_STM4183,aceB,[]
G_STM1467,manA,[]
G_STM0491,gsk,[]
G_STM0370,prpD,[]
G_STM3045,fldB,[]
G_STM0368,prpB,[]
G_STM4084,fpr,[]
G_STM3139,gsp,[]
G_STM0369,prpC,[]
G_STM3407,fmt,[]
G_STM3597,gor,[]
G_STM1194,fabD,[]
G_STM3551,ggt,[]
G_STM0045,ribF,[]
G_STM2533,sseA,[]
G_STM0190,mrcB,[]
G_STM0640,mrdA,[]
G_STM0974,focA,[]
G_STM0850,yliC,[]
G_STM0849,yliB,[]
G_STM0122,ftsI,[]
G_STM0848,yliA,[]
G_STM0851,yliD,[]
G_STM3493,mrcA,[]
G_STM0637,dacA,[]
G_STM3095,gshB,[]
G_STM0152,aceE,[]
G_STM2062,dacD,[]
G_STM1448,pdxH,[]
G_STM2193,folE,[]
G_STM3300,dacB,[]
G_STM1711,ribA,[]
G_STM0863,dacC,[]
G_STM3913,gppA,[]
G_STM2578,pdxJ,[]
G_STM2168,pbpG,[]
G_STM0091,pdxA,[]
G_STM0170,hpt,[]
G_STM0317,gpt,[]
G_STM0163,STM0163,[]
G_STM2383,mepA,[]
G_STM3359,mdh,[]
G_STM2370,pdxB,[]
G_STM4016,yshA,[]
G_STM4234,ubiA,[]
G_STM1566,sfcA,[]
G_STM0171,yadF,[]
G_STM0439,cyoE,[]
G_STM3635,yhjW,[]
G_STM2472,maeB,[]
G_STM3721,rfaP,[]
G_STM2523,gcpE,[]
G_STM3716,rfaY,[]
G_STM1326,pfkB,[]
G_STM2929,ispF,[]
G_STM4062,pfkA,[]
G_STM3712,rfaC,[]
G_STM4299,melB,[]
G_STM3711,rfaF,[]
G_STM2930,ispD,[]
G_STM3723,rfaQ,[]
G_STM3257,STM3257,[]
G_STM0844,pflE,[]
G_STM3090,metK,[]
G_STM4115,pflC,[]
G_STM3714,rfaK,[]
G_STM0246,yaeE,[]
G_STM4114,pflD,[]
G_STM0245,yaeC,[]
G_STM0843,pflF,[]
G_STM2147,thiM,[]
G_STM0247,abc,[]
G_STM2403,glk,[]
G_STM3965,metE,[]
G_STM3294,mrsA,[]
G_STM0393,yajF,[]
G_STM4408,msrA,[]
G_STM3062,serA,[]
G_STM1291,yeaA,[]
G_STM4221,pgi,[]
G_STM2072,hisD,[]
G_STM2155,metG,[]
G_STM3069,pgk,[]
G_STM0785,ybhE,[]
G_STM2074,hisB,[]
G_STM2522,hisS,[]
G_STM2354,hisJ,[]
G_STM1076,mgsA,[]
G_STM0150,aroP,[]
G_STM3938,hemC,[]
G_STM2435,pdxK,[]
G_STM3482,gph,[]
G_STM0772,gpmA,[]
G_STM2546,suhB,[]
G_STM4585,gpmB,[]
G_STM2146,thiD,[]
G_STM3960,rthB,[]
G_STM0401,malZ,[]
G_STM0832,ybiF,[]
G_STM3704,pmgI,[]
G_STM1799,emtA,[]
G_STM2988,mltA,[]
G_STM3112,mltC,[]
G_STM0698,pgm,[]
G_STM0183,folK,[]
G_STM2831,mltB,[]
G_STM0518,gip,[]
G_STM0003,thrB,[]
G_STM2820,yqaB,[]
G_STM4582,slt,[]
G_STM0420,pgpA,[]
G_STM4182,metA,[]
G_STM3685,mtlA,[]
G_STM2073,hisC,[]
G_STM3724,kdtA,[]
G_STM1238,icdA,[]
G_STM3715,rfaZ,[]
G_STM1945,pgsA,[]
G_STM4063,sbp,[]
G_STM2310,menF,[]
G_STM2443,cysU,[]
G_STM2252,ccmC,[]
G_STM0782,modB,[]
G_STM2253,ccmB,[]
G_STM0595,entC,[]
G_STM2442,cysW,[]
G_STM0597,entB,[]
G_STM2254,ccmA,[]
G_STM0783,modC,[]
G_STM1337,pheS,[]
G_STM4184,aceA,[]
G_STM2444,cysP,[]
G_STM4484,idnD,[]
G_STM1338,pheT,[]
G_STM0781,modA,[]
G_STM2077,hisF,[]
G_STM2441,cysA,[]
G_STM2075,hisH,[]
G_STM0182,panB,[]
G_STM1725,trpC,[]
G_STM0568,pheP,[]
G_STM2531,pbpC,[]
G_STM3903,ilvE,[]
G_STM0542,folD,[]
G_STM0046,ileS,[]
G_STM3589,pitA,[]
G_STM4105,metF,[]
G_STM1160,solA,[]
G_STM3855,pstA,[]
G_STM4166,yjaD,[]
G_STM3856,pstC,[]
G_STM0399,brnQ,[]
G_STM2427,lig,[]
G_STM2511,guaB,[]
G_STM3854,pstB,[]
G_STM3857,pstS,[]
G_STM3957,pldA,[]
G_STM1211,ndh,[]
G_STM3390,acrE,[]
G_STM2317,nuoM,[]
G_STM3391,acrF,[]
G_STM4139,coaA,[]
G_STM3382,panF,[]
G_STM2327,nuoB,[]
G_STM0935,poxB,[]
G_STM3279,mtr,[]
G_STM2321,nuoI,[]
G_STM3039,idi,[]
G_STM2328,nuoA,[]
G_STM4414,ppa,[]
G_STM2325,nuoE,[]
G_STM2502,ppx,[]
G_STM0112,leuB,[]
G_STM2322,nuoH,[]
G_STM0329,STM0329,[]
G_STM2057,pduW,[]
G_STM2319,nuoK,[]
G_STM2320,nuoJ,[]
G_STM1125,putP,[]
G_STM0110,leuD,[]
G_STM0111,leuC,[]
G_STM2326,nuoC,[]
G_STM2324,nuoF,[]
G_STM2318,nuoL,[]
G_STM0372,hemB,[]
G_STM2683,yfjB,[]
G_STM4119,ppc,[]
G_STM3730,dfp,[]
G_STM3500,pckA,[]
G_STM2501,ppk,[]
G_STM3179,mdaB,[]
G_STM4569,deoB,[]
G_STM2669,tyrA,[]
G_STM1310,nadE,[]
G_STM2667,pheA,[]
G_STM3076,tktA,[]
G_STM1480,pntB,[]
G_STM3823,torC,[]
G_STM3987,hemG,[]
G_STM4126,udhA,[]
G_STM2554,hcaT,[]
G_STM1479,pntA,[]
G_STM1349,pps,[]
G_STM3822,torA,[]
G_STM1004,pncB,[]
G_STM1806,nhaB,[]
G_STM4175,purD,[]
G_STM0039,nhaA,[]
G_STM2078,hisI,[]
G_STM2487,purC,[]
G_STM3001,thyA,[]
G_STM1208,ycfN,[]
G_STM2526,ndk,[]
G_STM0463,amtB,[]
G_STM0419,thiL,[]
G_STM2565,purG,[]
G_STM2840,STM2840,[]
G_STM2076,hisA,[]
G_STM4163,thiE,[]
G_STM4081,tpiA,[]
G_STM2841,ygbD,[]
G_STM0619,citG,[]
G_STM0242,proS,[]
G_STM0645,nadD,[]
G_STM1780,prsA,[]
G_STM0757,pnuC,[]
G_STM0978,aroA,[]
G_STM0958,trxB,[]
G_STM1293,pncA,[]
G_STM0145,nadC,[]
G_STM4453,treC,[]
G_STM4348,psd,[]
G_STM1765,narK,[]
G_STM1929,otsB,[]
G_STM4578,serB,[]
G_STM3476,nirC,[]
G_STM1928,otsA,[]
G_STM2259,napA,[]
G_STM2652,pssA,[]
G_STM2338,pta,[]
G_STM3603,treF,[]
G_STM2256,napB,[]
G_STM1796,treA,[]
G_STM4454,STM4454,[]
G_STM2047,pduL,[]
G_STM2255,napC,[]
G_STM2466,eutD,[]
G_STM2257,napH,[]
G_STM3725,kdtB,[]
G_STM1727,trpA,[]
G_STM2258,napG,[]
G_STM1726,trpB,[]
G_STM0700,potE,[]
G_STM1761,narI,[]
G_STM3481,trpS,[]
G_STM1577,narZ,[]
G_STM3248,garR,[]
G_STM0519,glxR,[]
G_STM3218,oat,[]
G_STM1579,narW,[]
G_STM1449,tyrS,[]
G_STM1578,narY,[]
G_STM0877,potF,[]
G_STM1763,narH,[]
G_STM1937,tyrP,[]
G_STM1762,narJ,[]
G_STM0226,lpxD,[]
G_STM1226,potA,[]
G_STM1764,narG,[]
G_STM1225,potB,[]
G_STM0123,murE,[]
G_STM1580,narV,[]
G_STM3921,wecC,[]
G_STM0879,potH,[]
G_STM2260,napD,[]
G_STM0880,potI,[]
G_STM3920,wecB,[]
G_STM0228,lpxA,[]
G_STM1222,potD,[]
G_STM1576,narU,[]
G_STM1223,potC,[]
G_STM2556,hmpA,[]
G_STM0878,potG,[]
G_STM2307,menB,[]
G_STM2422,xapA,[]
G_STM3307,murA,[]
G_STM2332,STM2332,[]
G_STM0128,murG,[]
G_STM0126,murD,[]
G_STM1450,pdxY,[]
G_STM0494,ushA,[]
G_STM1378,pykF,[]
G_STM0129,murC,[]
G_STM0659,hscC,[]
G_STM4137,murB,[]
G_STM1888,pykA,[]
G_STM4349,yjeQ,[]
G_STM0865,ybjG,[]
G_STM3968,udp,[]
G_STM4584,yjjX,[]
G_STM3205,bacA,[]
G_STM2954,mazG,[]
G_STM0221,uppS,[]
G_STM3180,ygiN,[]
G_STM0756,nadA,[]
G_STM3103,yggV,[]
G_STM1426,ribE,[]
G_STM0417,ribH,[]
G_STM3885,rbsK,[]
G_STM0776,galE,[]
G_STM2080,udg,[]
G_STM2295,yfaO,[]
G_STM3793,STM3793,[]
G_STM0103,araB,[]
G_STM2299,yfbG,[]
G_STM1301,STM1301,[]
G_STM2297,yfbE,[]
G_STM0775,galT,[]
G_STM4388,sgaE,[]
G_STM0208,dgt,[]
G_STM3474,nirB,[]
G_STM3677,sgbE,[]
G_STM0515,allA,[]
G_STM3475,nirD,[]
G_STM0124,murF,[]
G_STM0101,araD,[]
G_STM4279,nrfC,[]
G_STM3720,yibR,[]
G_STM0134,lpxC,[]
G_STM4277,nrfA,[]
G_STM2817,luxS,[]
G_STM4280,nrfD,[]
G_STM3241,tdcE,[]
G_STM3883,rbsC,[]
G_STM3881,rbsD,[]
G_STM4416,mpl,[]
G_STM0973,pflB,[]
G_STM0218,pyrH,[]
G_STM3882,rbsA,[]
G_STM2646,yfiD,[]
G_STM3884,rbsB,[]
G_STM2298,pmrF,[]
G_STM0970,pflA,[]
G_STM3936,hemX,[]
G_STM4047,rhaB,[]
G_STM3305,ispB,[]
G_STM4045,rhaD,[]
G_STM3937,hemD,[]
G_STM0977,serC,[]
G_STM0671,ubiF,[]
G_STM2498,upp,[]
G_STM2278,nrdB,[]
G_STM1707,pyrF,[]
G_STM2807,nrdE,[]
G_STM2808,nrdF,[]
G_STM2497,uraA,[]
G_STM0528,allD,[]
G_STM3057,ubiH,[]
G_STM0535,lpxH,[]
G_STM2277,nrdA,[]
G_STM2356,ubiX,[]
G_STM3978,yigC,[]
G_STM3972,aarF,[]
G_STM4451,nrdG,[]
G_STM4475,valS,[]
G_STM0701,speF,[]
G_STM3665,avtA,[]
G_STM4452,nrdD,[]
G_STM3483,rpe,[]
G_STM3114,speC,[]
G_STM4080,STM4080,[]
G_STM4387,sgaU,[]
G_STM3733,pyrE,[]
G_STM3661,xylA,[]
G_STM1617,STM1617,[]
G_STM2309,menD,[]
G_STM1933,STM1933,[]
G_STM3671,yiaM,[]
G_STM1124,putA,[]
G_STM3672,yiaN,[]
G_STM3063,rpiA,[]
G_STM0386,proC,[]
G_STM0310,ghmA,[]
G_STM3673,yiaO,[]
G_STM0181,panC,[]
G_STM0042,STM0042,[]
G_STM1306,astB,[]
G_STM1710,pgpB,[]
G_STM0125,mraY,[]
G_STM1893,znuB,[]
G_STM2946,cysH,[]
G_STM1891,znuA,[]
G_STM2934,cysN,[]
G_STM2935,cysD,[]
G_STM0153,aceF,[]
G_STM2835,srlD,[]
G_STM4167,hemE,[]
G_STM2832,srlA,[]
G_STM2833,srlE,[]
G_STM2834,slrB,[]
G_STM4159,thiH,[]
G_STM0425,thiI,[]
G_STM4162,thiF,[]
G_STM4066,STM4066,[]
G_STM4160,thiG,[]
G_STM2483,dapE,[]
G_STM4467,STM4467,[]
G_STM3683,selA,[]
G_STM2543,nifS,[]
G_STM4161,STM4161,[]
G_STM0426,phnV,[]
G_STM4469,argI,[]
G_STM0428,phnT,[]
G_STM0427,phnU,[]
G_STM1297,selD,[]
G_STM4465,STM4465,[]
G_STM0588,entF,[]
G_STM0532,arcC,[]
G_STM3699,cysE,[]
G_STM4466,STM4466,[]
G_STM3802,dsdA,[]
G_STM0429,phnS,[]
G_STM2399,pgtP,[]
G_STM0431,phnW,[]
G_STM0432,phnX,[]
G_STM0963,serS,[]
G_STM2196,STM2196,[]
G_STM3240,tdcG,[]
G_STM2970,sdaC,[]
G_STM1107,hpaX,[]
G_STM3354,STM3354,[]
G_STM1098,hpaC,[]
G_STM3243,tdcC,[]
G_STM3355,STM3355,[]
G_STM2783,nxiA,[]
G_STM3225,ygjU,[]
G_STM1099,hpaB,[]
G_STM1318,katE,[]
G_STM1103,hpaD,[]
G_STM1102,hpaE,[]
G_STM2194,yeiG,[]
G_STM1307,astE,[]
G_STM1104,hpaF,[]
G_STM4106,katG,[]
G_STM1101,hpaG,[]
G_STM1305,astD,[]
G_STM1731,STM1731,[]
G_STM3477,cysG,[]
G_STM3859,STM3859,[]
G_STM1105,hpaH,[]
G_STM1269,STM1269,[]
G_STM1106,hpaI,[]
G_STM2041,pduD,[]
G_STM1359,ydiB,[]
G_STM1002,STM1002,[]
G_STM2040,pduC,[]
G_STM0719,STM0719,[]
G_STM2043,pduG,[]
G_STM2042,pduE,[]
G_STM3401,aroE,[]
G_STM3487,aroK,[]
G_STM3147,hybC,[]
G_STM0388,aroL,[]
G_STM1502,speG,[]
G_STM2044,pduH,[]
G_STM1539,STM1539,[]
G_STM2052,pduQ,[]
G_STM2051,pduP,[]
G_STM0166,speE,[]
G_STM1538,STM1538,[]
G_STM1431,sodB,[]
G_STM1786,STM1786,[]
G_STM4055,sodA,[]
G_STM2025,cbiK,[]
G_STM1787,STM1787,[]
G_STM2020,cbiO,[]
G_STM2022,cbiN,[]
G_STM1788,STM1788,[]
G_STM1440,sodC,[]
G_STM3150,hypO,[]
G_STM2023,cbiM,[]
G_STM2021,cboQ,[]
G_STM2024,cbiL,[]
G_STM3356,STM3356,[]
G_STM2027,cbiH,[]
G_STM1044,sodC,[]
G_STM3697,STM3697,[]
G_STM2791,gabD,[]
G_STM3250,garD,[]
G_STM2305,menE,[]
G_STM4100,metB,[]
G_STM2306,menC,[]
G_STM0733,sdhD,[]
G_STM2029,cbiF,[]
G_STM2028,cbiG,[]
G_STM2032,cbiD,[]
G_STM3624A,STM3624A,[]
G_STM2026,cbiJ,[]
G_STM2031,cbiE,[]
G_STM0732,sdhC,[]
G_STM0735,sdhB,[]
G_STM4301,dcuB,[]
G_STM0734,sdhA,[]
G_STM2030,cbiT,[]
G_STM3599,STM3599,[]
G_STM2033,cbiC,[]
G_STM0738,sucC,[]
G_STM4325,dcuA,[]
G_STM0739,sucD,[]
G_STM2035,cbiA,[]
G_STM2050,pduO,[]
G_STM0627,dcuC,[]
G_STM2467,eutT,[]
G_STM2019,cbiP,[]
G_STM0007,talB,[]
G_STM2473,talA,[]
G_STM1599,pdgL,[]
G_STM3924,wecD,[]
G_STM2058,pduX,[]
G_STM1498,STM1498,[]
G_STM0644,cobD,[]
G_STM3925,wecE,[]
G_STM2094,rfbC,[]
G_STM0965,dmsB,[]
G_STM2096,rfbD,[]
G_STM3922,rffG,[]
G_STM2034,cibB,[]
G_STM2017,cobS,[]
G_STM4306,STM4306,[]
G_STM0643,cobC,[]
G_STM2088,rfbX,[]
G_STM2097,rfbB,[]
G_STM0985,lpxK,[]
G_STM2528,STM2528,[]
G_STM0213,dapD,[]
G_STM0609,ahpF,[]
G_STM2082,rfbP,[]
G_STM2085,rfbN,[]
G_STM1499,STM1499,[]
G_STM2086,rfbU,[]
G_STM0402,STM0402,[]
G_STM2529,STM2529,[]
G_STM0608,ahpC,[]
G_STM2087,rfbV,[]
G_STM2084,rfbM,[]
G_STM1497,STM1497,[]
G_STM2104,cpsG,[]
G_STM0108,tbpA,[]
G_STM4307,STM4307,[]
G_STM0107,yabK,[]
G_STM0106,yabJ,[]
G_STM3708,tdh,[]
G_STM2083,rfbK,[]
G_STM2530,STM2530,[]
G_STM1332,rfc,[]
G_STM2971,sdaB,[]
G_STM0966,dmsC,[]
G_STM3244,tdcB,[]
G_STM0964,dmsA,[]
G_STM3905,ilvA,[]
G_STM2092,rfbF,[]
G_STM2091,rfbG,[]
G_STM1496,STM1496,[]
G_STM2090,rfbH,[]
G_STM1826,sdaA,[]
G_STM1556,STM1556,[]
G_STM2093,rfbI,[]
G_STM0004,thrC,[]
G_STM0787,hutI,[]
G_STM2089,rfbJ,[]
G_STM0788,hutG,[]
G_STM1333,thrS,[]
G_STM0364,foxA,[]
G_STM3959,rhtC,[]
G_STM2341,STM2341,[]
G_STM2340,STM2340,[]
G_STM2774,iroC,[]
G_STM3792,STM3792,[]
G_STM3333,STM3333,[]
G_STM3334,STM3334,[]
G_STM2474,tktB,[]
G_STM1341,btuE,[]
G_STM4433,STM4433,[]
G_STM1627,STM1627,[]
G_STM4425,STM4425,[]
G_STM1567,adhP,[]
G_STM2461,eutG,[]
G_STM4421,STM4421,[]
G_STM0434,apbA,[]
G_STM1316,celF,[]
G_STM4420,STM4420,[]
G_STM2289,STM2289,[]
G_STM2573,STM2573,[]
G_STM2949,ptpS,[]
G_STM0628,pagP,[]
G_STM2232,oafA,[]
G_STM1793,STM1793,[]
G_STM1792,STM1792,[]
G_STM0691,STM0691,[]
G_STM0690,citB,[]
G_STM1314,celC,[]
G_STM0741,cydB,[]
G_STM1312,celA,[]
G_STM0740,cydA,[]
G_STM1313,celB,[]
G_STM1582,nhoA,[]
G_STM2662,rluD,[]
G_STM1651,nifJ,[]
G_STM3261,STM3261,[]
G_STM2016,cobT,[]
G_STM1221,cobB,[]
G_STM3253,STM3253,[]
G_STM2079,wzzB,[]
G_STM3137,STM3137,[]
G_STM0589,fepE,[]
G_STM3135,STM3135,[]
G_STM3927,STM3927,[]
G_STM3136,STM3136,[]
G_STM2776,iroE,[]
G_STM2777,iroN,[]
G_STM2775,iroD,[]
G_STM0054,STM0054,[]
G_STM0586,fes,[]
G_STM3186,tolC,[]
G_STM3353,oadG,[]
G_STM2773,iroB,[]
G_STM3351,oadB,[]
G_STM1375,ynhG,[]
G_STM0056,STM0056,[]
G_STM0055,STM0055,[]
G_STM1215,ycfS,[]
G_STM3352,oadA,[]
G_STM0837,ybiS,[]
G_STM0057,STM0057,[]
G_STM0689,citA,[]
G_STM0047,lspA,[]
G_STM3002,lgt,[]
G_STM2786,STM2786,[]
G_STM3828,dgoA,[]
G_STM2788,STM2788,[]
G_STM0791,hutH,[]
G_STM2787,STM2787,[]
G_STM3051,bglA,[]
G_STM1377,lpp,[]
G_STM0666,lnt,[]
G_STM1257,STM1257,[]
G_STM2392,vacJ,[]
G_STM1255,STM1255,[]
G_STM2393,yfdC,[]
G_STM1746_S,STM1746_S,[]
G_STM1259,STM1259,[]
G_STM1256,STM1256,[]
G_STM2838_S,STM2838_S,[]
G_STM1258,STM1258,[]
G_STM3290_S,STM3290_S,[]
G_STM4456,mgtA,[]
G_STM4383_S,STM4383_S,[]
G_STM3259,STM3259,[]
G_STM4188_S,STM4188_S,[]
G_STM3258,STM3258,[]
G_STM3260,STM3260,[]
G_STM2323_S,STM2323_S,[]
G_STM3255,STM3255,[]
G_STM2316_S,STM2316_S,[]
G_STM3256,STM3256,[]
G_STM4580_S,STM4580_S,[]
G_STM3254,STM3254,[]
G_STM4559_S,STM4559_S,[]
G_STM4278_S,STM4278_S,[]
G_STM2864,sitD,[]
G_STM2499_S,STM2499_S,[]
G_STM1892_S,STM1892_S,[]
G_STM2861,sitA,[]
G_STM2105_S,STM2105_S,[]
G_STM2862,sitB,[]
G_STM4305_S,STM4305_S,[]
G_STM4424_S,STM4424_S,[]
G_STM3506,feoB,[]
G_STM2863,sitC,[]
G_STM1383,ttrA,[]
G_STM1384,ttrC,[]
G_STM1385,ttrB,[]
G_STM2065,phsA,[]
G_STM2064,phsB,[]
G_STM2063,phsC,[]
G_STM2549,asrB,[]
G_STM2550,asrC,[]
G_STM2548,asrA,[]
G_STM3763,mgtB,[]
