id,name,formula,charge
M_3hoctaACP_c,(R)-3-Hydroxyoctadecanoyl-[acyl-carrier protein],,
M_3hcvac11eACP_c,(R)-3-hydroxy-cis-vacc-11-enoyl-[acyl-carrier protein],,
M_t3c11vaceACP_c,Trans-3-cis-11-vacceoyl-[acyl-carrier protein],,
M_3haACP_c,(3R)-3-Hydroxyacyl-[acyl-carrier protein],,
M_but2eACP_c,But-2-enoyl-[acyl-carrier protein],,
M_3hhexACP_c,(R)-3-Hydroxyhexanoyl-[acyl-carrier protein],,
M_thex2eACP_c,Trans-Hex-2-enoyl-[acyl-carrier protein],,
M_toct2eACP_c,Trans-Oct-2-enoyl-[acyl-carrier protein],,
M_3hoctACP_c,(R)-3-Hydroxyoctanoyl-[acyl-carrier protein],,
M_3dhguln_c,3-Dehydro-L-gulonate,,
M_3dhgulnp_c,3-keto-L-gulonate-6-phosphate,,
M_uri_p,Uridine,,
M_pi_p,Phosphate,,
M_cytd_p,Cytidine,,
M_adn_p,Adenosine,,
M_gsn_p,Guanosine,,
M_3odecACP_c,3-Oxodecanoyl-[acyl-carrier protein],,
M_2tdecg3p_c,2-tetradecanoyl-sn-glycerol 3-phosphate,,
M_3oddecACP_c,3-Oxododecanoyl-[acyl-carrier protein],,
M_2tdec7eg3p_c,2-tetradec-7-enoyl-sn-glycerol 3-phosphate,,
M_3ocddec5eACP_c,3-oxo-cis-dodec-5-enoyl-[acyl-carrier protein],,
M_12dgr120_c,"1,2-Diacyl-sn-glycerol (didodecanoyl, n-C12:0)",,
M_3omrsACP_c,3-Oxotetradecanoyl-[acyl-carrier protein],,
M_2tdec7eg3p_p,2-tetradec-7-enoyl-sn-glycerol 3-phosphate,,
M_3ocmrs7eACP_c,3-oxo-cis-myristol-7-eoyl-[acyl-carrier protein],,
M_2hdecg3p_p,2-hexadecanoyl-sn-glycerol 3-phosphate,,
M_3opalmACP_c,3-Oxohexadecanoyl-[acyl-carrier protein],,
M_2hdecg3p_c,2-hexadecanoyl-sn-glycerol 3-phosphate,,
M_3ocpalm9eACP_c,3-oxo-cis-palm-9-eoyl-[acyl-carrier protein],,
M_2hdec9eg3p_p,2-hexadec-9-enoyl-sn-glycerol 3-phosphate,,
M_3ooctdACP_c,3-Oxooctadecanoyl-[acyl-carrier protein],,
M_2hdec9eg3p_c,2-hexadec-9-enoyl-sn-glycerol 3-phosphate,,
M_3ocvac11eACP_c,3-oxo-cis-vacc-11-enoyl-[acyl-carrier protein],,
M_2odecg3p_c,2-octadecanoyl-sn-glycerol 3-phosphate,,
M_actACP_c,Acetoacetyl-ACP,,
M_2odecg3p_p,2-octadecanoyl-sn-glycerol 3-phosphate,,
M_2odec11eg3p_c,2-octadec-11-enoyl-sn-glycerol 3-phosphate,,
M_3ohexACP_c,3-Oxohexanoyl-[acyl-carrier protein],,
M_2odec11eg3p_p,2-octadec-11-enoyl-sn-glycerol 3-phosphate,,
M_12dgr120_p,"1,2-Diacyl-sn-glycerol (didodecanoyl, n-C12:0)",,
M_3ooctACP_c,3-Oxooctanoyl-[acyl-carrier protein],,
M_12dgr140_p,"1,2-Diacyl-sn-glycerol (ditetradecanoyl, n-C14:0)",,
M_ACP_c,Acyl carrier protein,,
M_12dgr140_c,"1,2-Diacyl-sn-glycerol (ditetradecanoyl, n-C14:0)",,
M_2agpe120_c,2-Acyl-sn-glycero-3-phosphoethanolamine (n-C12:0),,
M_ocACP_c,Octanoyl-ACP (n-C8:0ACP),,
M_2agpe120_p,2-Acyl-sn-glycero-3-phosphoethanolamine (n-C12:0),,
M_2agpe140_p,2-Acyl-sn-glycero-3-phosphoethanolamine (n-C14:0),,
M_12dgr141_p,"1,2-Diacyl-sn-glycerol (ditetradec-7-enoyl, n-C14:1)",,
M_malACP_c,Malonyl-[acyl-carrier protein],,
M_12dgr141_c,"1,2-Diacyl-sn-glycerol (ditetradec-7-enoyl, n-C14:1)",,
M_12dgr160_c,"1,2-Diacyl-sn-glycerol (dihexadecanoyl, n-C16:0)",,
M_12dgr160_p,"1,2-Diacyl-sn-glycerol (dihexadecanoyl, n-C16:0)",,
M_2agpe140_c,2-Acyl-sn-glycero-3-phosphoethanolamine (n-C14:0),,
M_2agpe141_p,2-Acyl-sn-glycero-3-phosphoethanolamine (n-C14:1),,
M_co2_c,CO2 CO2,,
M_2agpe141_c,2-Acyl-sn-glycero-3-phosphoethanolamine (n-C14:1),,
M_2agpe160_c,2-Acyl-sn-glycero-3-phosphoethanolamine (n-C16:0),,
M_12dgr161_c,"1,2-Diacyl-sn-glycerol (dihexadec-9-enoyl, n-C16:1)",,
M_dcaACP_c,Decanoyl-ACP (n-C10:0ACP),,
M_12dgr161_p,"1,2-Diacyl-sn-glycerol (dihexadec-9-enoyl, n-C16:1)",,
M_12dgr180_p,"1,2-Diacyl-sn-glycerol (dioctadecanoyl, n-C18:0)",,
M_2agpe160_p,2-Acyl-sn-glycero-3-phosphoethanolamine (n-C16:0),,
M_cdec3eACP_c,Cis-dec-3-enoyl-[acyl-carrier protein] (n-C10:1),,
M_2agpe161_c,2-Acyl-sn-glycero-3-phosphoethanolamine (n-C16:1),,
M_2agpe161_p,2-Acyl-sn-glycero-3-phosphoethanolamine (n-C16:1),,
M_12dgr180_c,"1,2-Diacyl-sn-glycerol (dioctadecanoyl, n-C18:0)",,
M_ddcaACP_c,Dodecanoyl-ACP (n-C12:0ACP),,
M_12dgr181_p,"1,2-Diacyl-sn-glycerol (dioctadec-11-enoyl, n-C18:1)",,
M_2agpe180_p,2-Acyl-sn-glycero-3-phosphoethanolamine (n-C18:0),,
M_cddec5eACP_c,Cis-dodec-5-enoyl-[acyl-carrier protein] (n-C12:1),,
M_2agpe180_c,2-Acyl-sn-glycero-3-phosphoethanolamine (n-C18:0),,
M_12dgr181_c,"1,2-Diacyl-sn-glycerol (dioctadec-11-enoyl, n-C18:1)",,
M_myrsACP_c,Myristoyl-ACP (n-C14:0ACP),,
M_2agpe181_p,2-Acyl-sn-glycero-3-phosphoethanolamine (n-C18:1),,
M_tdeACP_c,Cis-tetradec-7-enoyl-[acyl-carrier protein] (n-C14:1),,
M_2agpe181_c,2-Acyl-sn-glycero-3-phosphoethanolamine (n-C18:1),,
M_ppi_c,Diphosphate,,
M_12ppd__R_p,"(R)-Propane-1,2-diol",,
M_12ppd__R_e,"(R)-Propane-1,2-diol",,
M_12ppd__R_c,"(R)-Propane-1,2-diol",,
M_palmACP_c,Palmitoyl-ACP (n-C16:0ACP),,
M_12ppd__S_p,"(S)-Propane-1,2-diol",,
M_12ppd__S_e,"(S)-Propane-1,2-diol",,
M_amp_c,AMP C10H12N5O7P,,
M_hdeACP_c,Cis-hexadec-9-enoyl-[acyl-carrier protein] (n-C16:1),,
M_12ppd__S_c,"(S)-Propane-1,2-diol",,
M_butACP_c,Butyryl-ACP (n-C4:0ACP),,
M_hexACP_c,Hexanoyl-ACP (n-C6:0ACP),,
M_adp_c,ADP C10H12N5O10P2,,
M_ddca_c,Dodecanoate (n-C12:0),,
M_LalaDgluMdap_c,"L-alanine-D-glutamate-meso-2,6-diaminoheptanedioate",,
M_pe120_c,"Phosphatidylethanolamine (didodecanoyl, n-C12:0)",,
M_14glucan_c,"1,4-alpha-D-glucan",,
M_LalaDgluMdap_p,"L-alanine-D-glutamate-meso-2,6-diaminoheptanedioate",,
M_pe140_c,"Phosphatidylethanolamine (ditetradecanoyl, n-C14:0)",,
M_LalaDgluMdap_e,"L-alanine-D-glutamate-meso-2,6-diaminoheptanedioate",,
M_pi_c,Phosphate,,
M_3ump_e,3  UMP C9H11N2O9P,,
M_ttdca_c,Tetradecanoate (n-C14:0),,
M_4hoxpacd_e,4-Hydroxyphenylacetaldehyde,,
M_pe141_c,"Phosphatidylethanolamine (ditetradec-7-enoyl, n-C14:1)",,
M_ttdcea_c,Tetradecenoate (n-C14:1),,
M_h2o_c,H2O H2O,,
M_4hoxpacd_p,4-Hydroxyphenylacetaldehyde,,
M_h_c,H+,,
M_4hthr_c,4-Hydroxy-L-threonine,,
M_hdca_c,Hexadecanoate (n-C16:0),,
M_phthr_c,O-Phospho-4-hydroxy-L-threonine,,
M_pe160_c,"Phosphatidylethanolamine (dihexadecanoyl, n-C16:0)",,
M_atp_c,ATP C10H12N5O13P3,,
M_ala__D_c,D-Alanine,,
M_14glucan_p,"1,4-alpha-D-glucan",,
M_pe161_c,"Phosphatidylethanolamine (dihexadec-9enoyl, n-C16:1)",,
M_hdcea_c,Hexadecenoate (n-C16:1),,
M_LalaDgluMdapDala_c,"L-alanine-D-glutamate-meso-2,6-diaminoheptanedioate-D-alanine",,
M_ocdca_c,Octadecanoate (n-C18:0),,
M_14glucan_e,"1,4-alpha-D-glucan",,
M_LalaDgluMdapDala_p,"L-alanine-D-glutamate-meso-2,6-diaminoheptanedioate-D-alanine",,
M_23camp_e,"2',3'-Cyclic AMP",,
M_pe180_c,"Phosphatidylethanolamine (dioctadecanoyl, n-C18:0)",,
M_ala__D_p,D-Alanine,,
M_ocdcea_c,Octadecenoate (n-C18:1),,
M_23camp_p,"2',3'-Cyclic AMP",,
M_LalaDgluMdapDala_e,"L-alanine-D-glutamate-meso-2,6-diaminoheptanedioate-D-alanine",,
M_23ccmp_e,"2',3'-Cyclic CMP",,
M_pe181_c,"Phosphatidylethanolamine (dioctadec-11-enoyl, n-C18:1)",,
M_5dglcn_c,5-Dehydro-D-gluconate,,
M_2agpg120_p,2-Acyl-sn-glycero-3-phosphoglycerol (n-C12:0),,
M_23ccmp_p,"2',3'-Cyclic CMP",,
M_23cgmp_p,"2',3'-Cyclic GMP",,
M_2agpg120_c,2-Acyl-sn-glycero-3-phosphoglycerol (n-C12:0),,
M_5dglcn_p,5-Dehydro-D-gluconate,,
M_2agpg140_c,2-Acyl-sn-glycero-3-phosphoglycerol (n-C14:0),,
M_23cgmp_e,"2',3'-Cyclic GMP",,
M_5dglcn_e,5-Dehydro-D-gluconate,,
M_23cump_p,"2',3'-Cyclic UMP",,
M_2agpg140_p,2-Acyl-sn-glycero-3-phosphoglycerol (n-C14:0),,
M_5drib_c,5'-deoxyribose,,
M_2agpg141_c,2-Acyl-sn-glycero-3-phosphoglycerol (n-C14:1),,
M_23cump_e,"2',3'-Cyclic UMP",,
M_dad_5_c,5'-Deoxyadenosine,,
M_2agpg141_p,2-Acyl-sn-glycero-3-phosphoglycerol (n-C14:1),,
M_ade_c,Adenine,,
M_2agpg160_p,2-Acyl-sn-glycero-3-phosphoglycerol (n-C16:0),,
M_2agpg160_c,2-Acyl-sn-glycero-3-phosphoglycerol (n-C16:0),,
M_h_p,H+,,
M_ara5p_c,D-Arabinose 5-phosphate,,
M_23dappa_c,"2,3-diaminopropionate",,
M_2agpg161_p,2-Acyl-sn-glycero-3-phosphoglycerol (n-C16:1),,
M_ru5p__D_c,D-Ribulose 5-phosphate,,
M_2agpg161_c,2-Acyl-sn-glycero-3-phosphoglycerol (n-C16:1),,
M_2agpg180_c,2-Acyl-sn-glycero-3-phosphoglycerol (n-C18:0),,
M_23dappa_p,"2,3-diaminopropionate",,
M_23dappa_e,"2,3-diaminopropionate",,
M_octeACP_c,Cis-octadec-11-enoyl-[acyl-carrier protein] (n-C18:1),,
M_3ump_p,3  UMP C9H11N2O9P,,
M_h2o_p,H2O H2O,,
M_2agpg180_p,2-Acyl-sn-glycero-3-phosphoglycerol (n-C18:0),,
M_2agpg181_c,2-Acyl-sn-glycero-3-phosphoglycerol (n-C18:1),,
M_ocdcaACP_c,Octadecanoyl-ACP (n-C18:0ACP),,
M_2agpg181_p,2-Acyl-sn-glycero-3-phosphoglycerol (n-C18:1),,
M_3cmp_p,3  CMP C9H12N3O8P,,
M_dca_c,Decanoate (n-C10:0),,
M_3amp_p,3  AMP C10H12N5O7P,,
M_pg120_c,"Phosphatidylglycerol (didodecanoyl, n-C12:0)",,
M_octa_c,Octanoate (n-C8:0),,
M_pg140_c,"Phosphatidylglycerol (ditetradecanoyl, n-C14:0)",,
M_3gmp_p,Guanosine 3  phosphate C10H12N5O8P,,
M_o2_c,O2 O2,,
M_26dap__M_p,"Meso-2,6-Diaminoheptanedioate",,
M_26dap__M_e,"Meso-2,6-Diaminoheptanedioate",,
M_2ddecg3p_p,2-dodecanoyl-sn-glycerol 3-phosphate,,
M_pg141_c,"Phosphatidylglycerol (ditetradec-7-enoyl, n-C14:1)",,
M_pg160_c,"Phosphatidylglycerol (dihexadecanoyl, n-C16:0)",,
M_pg161_c,"Phosphatidylglycerol (dihexadec-9-enoyl, n-C16:1)",,
M_aact_c,Aminoacetone,,
M_pg180_c,"Phosphatidylglycerol (dioctadecanoyl, n-C18:0)",,
M_pg181_c,"Phosphatidylglycerol (dioctadec-11-enoyl, n-C18:1)",,
M_2ddecg3p_c,2-dodecanoyl-sn-glycerol 3-phosphate,,
M_nh4_c,Ammonium,,
M_2tdecg3p_p,2-tetradecanoyl-sn-glycerol 3-phosphate,,
M_mthgxl_c,Methylglyoxal,,
M_glcn_c,D-Gluconate,,
M_h2o2_c,Hydrogen peroxide,,
M_nad_c,Nicotinamide adenine dinucleotide,,
M_malthx_c,Maltohexaose,,
M_gtp_c,GTP C10H12N5O14P3,,
M_malthx_p,Maltohexaose,,
M_malcoa_c,Malonyl CoA C24H33N7O19P3S,,
M_g6p_c,D-Glucose 6-phosphate,,
M_hco3_c,Bicarbonate,,
M_2dhglcn_c,2-Dehydro-D-gluconate,,
M_hqn_c,Hydroquinone,,
M_nadh_c,Nicotinamide adenine dinucleotide - reduced,,
M_ppa_c,Propionate (n-C3:0),,
M_arbt6p_c,Arbutin 6-phosphate,,
M_ppcoa_c,Propanoyl-CoA,,
M_nadph_c,Nicotinamide adenine dinucleotide phosphate - reduced,,
M_4abut_c,4-Aminobutanoate,,
M_nadp_c,Nicotinamide adenine dinucleotide phosphate,,
M_acgal1p_p,N-Acetyl-D-galactosamine 1-phosphate,,
M_acgal_p,N-Acetyl-D-galactosamine,,
M_akg_c,2-Oxoglutarate,,
M_acgal1p_e,N-Acetyl-D-galactosamine 1-phosphate,,
M_glu__L_c,L-Glutamate,,
M_acgal_e,N-Acetyl-D-galactosamine,,
M_acgam1p_p,N-Acetyl-D-glucosamine 1-phosphate,,
M_idon__L_c,L-Idonate,,
M_2dhguln_c,2-Dehydro-L-gulonate,,
M_sucsal_c,Succinic semialdehyde,,
M_4ampm_c,4-Amino-2-methyl-5-phosphomethylpyrimidine,,
M_2mahmp_c,2-Methyl-4-amino-5-hydroxymethylpyrimidine diphosphate,,
M_acgam_p,N-Acetyl-D-glucosamine,,
M_4abutn_c,4-Aminobutanal,,
M_acgam1p_e,N-Acetyl-D-glucosamine 1-phosphate,,
M_34dhpac_p,"3,4-Dihydroxyphenylacetaldehyde",,
M_4abut_p,4-Aminobutanoate,,
M_34dhpac_e,"3,4-Dihydroxyphenylacetaldehyde",,
M_acgam_c,N-Acetyl-D-glucosamine,,
M_acgam6p_c,N-Acetyl-D-glucosamine 6-phosphate,,
M_4abut_e,4-Aminobutanoate,,
M_3amp_e,3  AMP C10H12N5O7P,,
M_acac_e,Acetoacetate,,
M_3cmp_e,3  CMP C9H12N3O8P,,
M_udcpp_c,Undecaprenyl phosphate,,
M_acac_p,Acetoacetate,,
M_uacgam_c,UDP-N-acetyl-D-glucosamine,,
M_3gmp_e,Guanosine 3  phosphate C10H12N5O8P,,
M_accoa_c,Acetyl-CoA,,
M_3hdecACP_c,(R)-3-Hydroxydecanoyl-[acyl-carrier protein],,
M_ump_c,UMP C9H11N2O9P,,
M_unaga_c,Undecaprenyl diphospho N-acetyl-glucosamine,,
M_coa_c,Coenzyme A,,
M_tdec2eACP_c,Trans-Dec-2-enoyl-[acyl-carrier protein],,
M_acald_c,Acetaldehyde,,
M_3hddecACP_c,(R)-3-Hydroxydodecanoyl-[acyl-carrier protein],,
M_pyr_c,Pyruvate,,
M_acald_e,Acetaldehyde,,
M_pep_c,Phosphoenolpyruvate,,
M_tddec2eACP_c,Trans-Dodec-2-enoyl-[acyl-carrier protein],,
M_acald_p,Acetaldehyde,,
M_t3c5ddeceACP_c,Trans-3-cis-5-dodecenoyl-[acyl-carrier protein],,
M_acgam_e,N-Acetyl-D-glucosamine,,
M_adocbip_c,Adenosyl cobinamide phosphate,,
M_acglu_c,N-Acetyl-L-glutamate,,
M_3hcddec5eACP_c,(R)-3-hydroxy-cis-dodec-5-enoyl-[acyl-carrier protein],,
M_agdpcbi_c,Adenosine-GDP-cobinamide,,
M_tmrs2eACP_c,Trans-Tetradec-2-enoyl-[acyl-carrier protein],,
M_acg5p_c,N-Acetyl-L-glutamyl 5-phosphate,,
M_2ahbut_c,(S)-2-Aceto-2-hydroxybutanoate,,
M_camp_c,CAMP C10H11N5O6P,,
M_2obut_c,2-Oxobutanoate,,
M_ac_c,Acetate,,
M_3hmrsACP_c,(R)-3-Hydroxytetradecanoyl-[acyl-carrier protein],,
M_t3c7mrseACP_c,Trans-3-cis-7-myristoleoyl-[acyl-carrier protein],,
M_3hcmrs7eACP_c,(R)-3-hydroxy-cis-myristol-7-eoyl-[acyl-carrier protein],,
M_rib__D_c,D-Ribose,,
M_3hpalmACP_c,R-3-hydroxypalmitoyl-[acyl-carrier protein],,
M_actp_c,Acetyl phosphate,,
M_adn_e,Adenosine,,
M_alac__S_c,(S)-2-Acetolactate,,
M_tpalm2eACP_c,Trans-Hexadec-2-enoyl-[acyl-carrier protein],,
M_adocbl_p,Adenosylcobalamin,,
M_t3c9palmeACP_c,Trans-3-cis-9-palmitoleoyl-[acyl-carrier protein],,
M_acmum6p_c,N-acetylmuramate 6-phosphate,,
M_adocbl_c,Adenosylcobalamin,,
M_3hcpalm9eACP_c,(R)-3-hydroxy-cis-palm-9-eoyl-[acyl-carrier protein],,
M_toctd2eACP_c,Trans-octadec-2-enoyl-[acyl-carrier protein],,
M_lac__D_c,D-Lactate,,
M_adocbl_e,Adenosylcobalamin,,
M_udp_c,UDP C9H11N2O12P2,,
M_r5p_c,Alpha-D-Ribose 5-phosphate,,
M_unagamu_c,Undecaprenyl-diphospho-N-acetylglucosamine-N-acetylmannosaminuronate,,
M_8aonn_c,8-Amino-7-oxononanoate,,
M_adprib_c,ADPribose C15H21N5O14P2,,
M_mql8_c,Menaquinol 8,,
M_uacmamu_c,UDP-N-acetyl-D-mannosaminouronate,,
M_prpp_c,5-Phospho-alpha-D-ribose 1-diphosphate,,
M_acmana_p,N-Acetyl-D-mannosamine,,
M_2dmmql8_c,2-Demethylmenaquinol 8,,
M_acmanap_c,N-Acetyl-D-mannosamine 6-phosphate,,
M_paps_c,3'-Phosphoadenylyl sulfate,,
M_acmana_e,N-Acetyl-D-mannosamine,,
M_for_c,Formate,,
M_aps_c,Adenosine 5'-phosphosulfate,,
M_cgly_c,Cys Gly C5H10N2O3S,,
M_acmum_p,N-Acetylmuramate,,
M_dcamp_c,"N6-(1,2-Dicarboxyethyl)-AMP",,
M_acmum_e,N-Acetylmuramate,,
M_fum_c,Fumarate,,
M_acnam_p,N-Acetylneuraminate,,
M_acnam_c,N-Acetylneuraminate,,
M_25aics_c,(S)-2-[5-Amino-1-(5-phospho-D-ribosyl)imidazole-4-carboxamido]succinate,,
M_acnam_e,N-Acetylneuraminate,,
M_aicar_c,5-Amino-1-(5-Phospho-D-ribosyl)imidazole-4-carboxamide,,
M_acmana_c,N-Acetyl-D-mannosamine,,
M_asp__L_c,L-Aspartate,,
M_cys__L_c,L-Cysteine,,
M_imp_c,IMP C10H11N4O8P,,
M_gly_c,Glycine,,
M_fadh2_c,Flavin adenine dinucleotide reduced,,
M_gam6p_c,D-Glucosamine 6-phosphate,,
M_b2coa_c,Crotonoyl-CoA,,
M_anhgm_c,N-Acetyl-D-glucosamine(anhydrous)N-Acetylmuramic acid,,
M_btcoa_c,Butanoyl-CoA,,
M_pro__L_c,L-Proline,,
M_anhgm3p_c,N-Acetyl-D-glucosamine(anhydrous)N-Acetylmuramyl-tripeptide,,
M_progly_c,L-Prolinylglycine,,
M_fad_c,Flavin adenine dinucleotide oxidized,,
M_hxcoa_c,Hexanoyl-CoA (n-C6:0CoA),,
M_anhgm_p,N-Acetyl-D-glucosamine(anhydrous)N-Acetylmuramic acid,,
M_hx2coa_c,Trans-Hex-2-enoyl-CoA,,
M_amp_e,AMP C10H12N5O7P,,
M_amp_p,AMP C10H12N5O7P,,
M_anhgm3p_p,N-Acetyl-D-glucosamine(anhydrous)N-Acetylmuramyl-tripeptide,,
M_anhgm_e,N-Acetyl-D-glucosamine(anhydrous)N-Acetylmuramic acid,,
M_occoa_c,Octanoyl-CoA (n-C8:0CoA),,
M_anhm3p_c,"1,6-anhydrous-N-Acetylmuramyl-tripeptide",,
M_oc2coa_c,Trans-Oct-2-enoyl-CoA,,
M_anhgm4p_c,N-Acetyl-D-glucosamine(anhydrous)N-Acetylmuramyl-tetrapeptide,,
M_dc2coa_c,Trans-Dec-2-enoyl-CoA,,
M_pran_c,N-(5-Phospho-D-ribosyl)anthranilate,,
M_anth_c,Anthranilate,,
M_anhgm4p_p,N-Acetyl-D-glucosamine(anhydrous)N-Acetylmuramyl-tetrapeptide,,
M_2aobut_c,L-2-Amino-3-oxobutanoate,,
M_dcacoa_c,Decanoyl-CoA (n-C10:0CoA),,
M_anhm4p_c,"1,6-anhydrous-N-Acetylmuramyl-tetrapeptide",,
M_ddcacoa_c,Dodecanoyl-CoA (n-C12:0CoA),,
M_anhm_c,"1,6-anhydrous-N-Acetylmuramate",,
M_dd2coa_c,Trans-Dodec-2-enoyl-CoA,,
M_pmcoa_c,Pimeloyl-CoA,,
M_ap4a_c,"P1,P4-Bis(5'-adenosyl) tetraphosphate",,
M_adphep_DD_c,ADP-D-glycero-D-manno-heptose,,
M_ap5a_c,"P1,P5-Bis(5'-adenosyl) pentaphosphate",,
M_tdcoa_c,Tetradecanoyl-CoA (n-C14:0CoA),,
M_adphep_LD_c,ADP-L-glycero-D-manno-heptose,,
M_td2coa_c,Trans-Tetradec-2-enoyl-CoA,,
M_5apru_c,5-Amino-6-(5'-phosphoribosylamino)uracil,,
M_agm_c,Agmatine,,
M_5aprbu_c,5-Amino-6-(5'-phosphoribitylamino)uracil,,
M_pmtcoa_c,Palmitoyl-CoA (n-C16:0CoA),,
M_urea_c,Urea CH4N2O,,
M_hdd2coa_c,Trans-Hexadec-2-enoyl-CoA,,
M_od2coa_c,Trans-Octadec-2-enoyl-CoA,,
M_rbl__L_c,L-Ribulose,,
M_ptrc_c,Putrescine,,
M_agm_p,Agmatine,,
M_arab__L_c,L-Arabinose,,
M_stcoa_c,Stearoyl-CoA (n-C18:0CoA),,
M_acACP_c,Acetyl-ACP,,
M_agm_e,Agmatine,,
M_acorn_c,N2-Acetyl-L-ornithine,,
M_arbtn_c,Aerobactin minus Fe3,,
M_pa120_c,"1,2-didodecanoyl-sn-glycerol 3-phosphate",,
M_fe2_c,Fe2+ mitochondria,,
M_orn_c,Ornithine,,
M_1ddecg3p_c,1-dodecanoyl-sn-glycerol 3-phosphate,,
M_acolipa_p,4-Amino-4-deoxy-L-arabinose modified core oligosaccharide lipid A,,
M_arbtn_fe3_c,Aerobactin,,
M_pa140_c,"1,2-ditetradecanoyl-sn-glycerol 3-phosphate",,
M_fmnh2_c,Reduced FMN,,
M_acolipa_e,4-Amino-4-deoxy-L-arabinose modified core oligosaccharide lipid A,,
M_fmn_c,FMN C17H19N4O9P,,
M_1tdecg3p_c,1-tetradecanoyl-sn-glycerol 3-phosphate,,
M_rbflvrd_c,Reduced riboflavin,,
M_ribflv_c,Riboflavin C17H20N4O6,,
M_acon_T_c,Trans-Aconitate,,
M_pa141_c,"1,2-ditetradec-7-enoyl-sn-glycerol 3-phosphate",,
M_acon_C_c,Cis-Aconitate,,
M_arbtn_fe3_p,Aerobactin,,
M_1tdec7eg3p_c,1-tetradec-7-enoyl-sn-glycerol 3-phosphate,,
M_1hdecg3p_c,1-hexadecanoyl-sn-glycerol 3-phosphate,,
M_arbtn_fe3_e,Aerobactin,,
M_pa160_c,"1,2-dihexadecanoyl-sn-glycerol 3-phosphate",,
M_1hdec9eg3p_c,1-hexadec-9-enoyl-sn-glycerol 3-phosphate,,
M_pa161_c,"1,2-dihexadec-9-enoyl-sn-glycerol 3-phosphate",,
M_1odecg3p_c,1-octadecanoyl-sn-glycerol 3-phosphate,,
M_cit_c,Citrate,,
M_pa180_c,"1,2-dioctadecanoyl-sn-glycerol 3-phosphate",,
M_pa181_c,"1,2-dioctadec-11-enoyl-sn-glycerol 3-phosphate",,
M_icit_c,Isocitrate,,
M_1odec11eg3p_c,1-octadec-11-enoyl-sn-glycerol 3-phosphate,,
M_acg5sa_c,N-Acetyl-L-glutamate 5-semialdehyde,,
M_rhcys_c,S-Ribosyl-L-homocysteine,,
M_apoACP_c,Apoprotein [acyl carrier protein],,
M_ahcys_c,S-Adenosyl-L-homocysteine,,
M_pap_c,"Adenosine 3',5'-bisphosphate",,
M_fe3_e,Iron (Fe3+),,
M_fprica_c,5-Formamido-1-(5-phospho-D-ribosyl)imidazole-4-carboxamide,,
M_acser_e,O-Acetyl-L-serine,,
M_10fthf_c,10-Formyltetrahydrofolate,,
M_acser_p,O-Acetyl-L-serine,,
M_arbtn_e,Aerobactin minus Fe3,,
M_thf_c,"5,6,7,8-Tetrahydrofolate",,
M_acser_c,O-Acetyl-L-serine,,
M_ac_p,Acetate,,
M_air_c,5-amino-1-(5-phospho-D-ribosyl)imidazole,,
M_na1_c,Sodium,,
M_arbtn_p,Aerobactin minus Fe3,,
M_5caiz_c,5-phosphoribosyl-5-carboxyaminoimidazole,,
M_5aizc_c,5-amino-1-(5-phospho-D-ribosyl)imidazole-4-carboxylate,,
M_arab__L_p,L-Arabinose,,
M_na1_p,Sodium,,
M_succoa_c,Succinyl-CoA,,
M_ac_e,Acetate,,
M_akg_p,2-Oxoglutarate,,
M_ins_c,Inosine,,
M_arab__L_e,L-Arabinose,,
M_akg_e,2-Oxoglutarate,,
M_arg__L_c,L-Arginine,,
M_adn_c,Adenosine,,
M_alaala_c,D-Alanyl-D-alanine,,
M_4adcho_c,4-amino-4-deoxychorismate,,
M_arg__L_p,L-Arginine,,
M_alaala_p,D-Alanyl-D-alanine,,
M_co2_p,CO2 CO2,,
M_4abz_c,4-Aminobenzoate,,
M_alaala_e,D-Alanyl-D-alanine,,
M_LalaDglu_c,L-alanine-D-glutamate,,
M_gln__L_c,L-Glutamine,,
M_orn_p,Ornithine,,
M_LalaLglu_c,L-alanine-L-glutamate,,
M_argsuc_c,N(omega)-(L-Arginino)succinate,,
M_chor_c,Chorismate,,
M_ala__L_c,L-Alanine,,
M_ade_p,Adenine,,
M_ade_e,Adenine,,
M_citr__L_c,L-Citrulline,,
M_pyam5p_c,Pyridoxamine 5'-phosphate,,
M_argtrna_c,L-Arginyl-tRNA(Arg),,
M_gdp_c,GDP C10H12N5O11P2,,
M_pydx5p_c,Pyridoxal 5'-phosphate,,
M_idp_c,IDP C10H11N4O11P2,,
M_trnaarg_c,TRNA(Arg),,
M_trnaala_c,TRNA(Ala),,
M_arg__L_e,L-Arginine,,
M_itp_c,ITP C10H11N4O14P3,,
M_alatrna_c,L-Alanyl-tRNA(Ala),,
M_ametam_c,S-Adenosylmethioninamine,,
M_4pasp_c,4-Phospho-L-aspartate,,
M_ala__L_p,L-Alanine,,
M_aspsa_c,L-Aspartate 4-semialdehyde,,
M_amet_c,S-Adenosyl-L-methionine,,
M_hom__L_c,L-Homoserine,,
M_ascb6p_c,L-ascorbate-6-phosphate,,
M_hom__L_p,L-Homoserine,,
M_ascb__L_p,L-Ascorbate,,
M_ala__L_e,L-Alanine,,
M_ascb__L_e,L-Ascorbate,,
M_cbi_c,Cobinamide,,
M_ppal_c,Propanal,,
M_adocbi_c,Adenosyl cobinamide,,
M_asn__L_c,L-Asparagine,,
M_pppi_c,Inorganic triphosphate,,
M_urdglyc_c,(-)-Ureidoglycolate,,
M_cbi_p,Cobinamide,,
M_asp__L_p,L-Aspartate,,
M_alltt_c,Allantoate,,
M_nh4_p,Ammonium,,
M_cbi_e,Cobinamide,,
M_asn__L_p,L-Asparagine,,
M_alltn_c,Allantoin,,
M_cbl1_c,Cob(I)alamin,,
M_alltn_p,Allantoin,,
M_cbl1_p,Cob(I)alamin,,
M_trnaasn_c,TRNA Asn  C10H17O10PR2,,
M_alltn_e,Allantoin,,
M_asntrna_c,L-Asparaginyl-tRNA(Asn),,
M_cbl1_e,Cob(I)alamin,,
M_all__D_e,D-Allose,,
M_cd2_c,Cadmium,,
M_asn__L_e,L-Asparagine,,
M_aso3_e,Arsenite,,
M_cd2_p,Cadmium,,
M_all__D_p,D-Allose,,
M_cd2_e,Cadmium,,
M_aso3_p,Arsenite,,
M_pe160_p,"Phosphatidylethanolamine (dihexadecanoyl, n-C16:0)",,
M_ala_B_c,Beta-Alanine,,
M_cbp_c,Carbamoyl phosphate,,
M_cmp_c,CMP C9H12N3O8P,,
M_cdpdddecg_c,"CDP-1,2-didodecanoylglycerol",,
M_lpp_p,Lipoprotein,,
M_cdpdtdecg_c,"CDP-1,2-ditetradecanoylglycerol",,
M_cdpdtdec7eg_c,"CDP-1,2-ditetradec-7-enoylglycerol",,
M_cbasp_c,N-Carbamoyl-L-aspartate,,
M_pg160_p,"Phosphatidylglycerol (dihexadecanoyl, n-C16:0)",,
M_q8_c,Ubiquinone-8,,
M_cdpdhdecg_c,"CDP-1,2-dihexadecanoylglycerol",,
M_acetol_c,Acetol cytosol,,
M_cdpdhdec9eg_c,"CDP-1,2-dihexadec-9-enoylglycerol",,
M_iasp_c,Iminoaspartate,,
M_glc__D_c,D-Glucose,,
M_q8h2_c,Ubiquinol-8,,
M_cdpdodecg_c,"CDP-1,2-dioctadecanoylglycerol",,
M_cdpdodec11eg_c,"CDP-1,2-dioctadec-11-enoylglycerol",,
M_malt_c,Maltose C12H22O11,,
M_4c2me_c,4-(cytidine 5'-diphospho)-2-C-methyl-D-erythritol,,
M_mqn8_c,Menaquinone 8,,
M_succ_c,Succinate,,
M_malttr_c,Maltotriose C18H32O16,,
M_oaa_c,Oxaloacetate,,
M_2p4c2me_c,2-phospho-4-(cytidine 5'-diphospho)-2-C-methyl-D-erythritol,,
M_maltttr_c,Maltotetraose,,
M_cpe160_c,"Cyclopropane phosphatidylethanolamine (dihexadec-9,10-cyclo-anoyl, n-C16:0 cyclo)",,
M_asptrna_c,L-Aspartyl-tRNA(Asp),,
M_maltpt_c,Maltopentaose,,
M_trnaasp_c,TRNA(Asp),,
M_cpg160_c,"Cyclopropane phosphatidylglycerol (dihexadec-9,10-cyclo-anoyl, n-C16:0 cyclo)",,
M_malthp_c,Maltoheptaose,,
M_cpe180_c,"Cyclopropane phosphatidylethanolamine (dioctadec-11,12-cyclo-anoyl, n-C18:0 cyclo)",,
M_asp__L_e,L-Aspartate,,
M_dann_c,"7,8-Diaminononanoate",,
M_sucarg_c,N2-Succinyl-L-arginine,,
M_cpg180_c,"Cyclopropane phosphatidylglycerol (dioctadec-11,12-cyclo-anoyl, n-C18:0 cyclo)",,
M_amob_c,S-Adenosyl-4-methylthio-2-oxobutanoate,,
M_cgly_p,Cys Gly C5H10N2O3S,,
M_athr__L_c,L-Allo-threonine,,
M_prbatp_c,1-(5-Phosphoribosyl)-ATP,,
M_gbbtn_p,Gamma-butyrobetaine,,
M_ala_B_p,Beta-Alanine,,
M_ala_B_e,Beta-Alanine,,
M_cgly_e,Cys Gly C5H10N2O3S,,
M_chol_p,Choline C5H14NO,,
M_chol_c,Choline C5H14NO,,
M_crn_e,L-Carnitine,,
M_chol_e,Choline C5H14NO,,
M_btn_c,Biotin,,
M_csn_p,Cytosine,,
M_btnso_c,D-biotin d-sulfoxide,,
M_3psme_c,5-O-(1-Carboxyvinyl)-3-phosphoshikimate,,
M_csn_e,Cytosine,,
M_4hbz_c,4-Hydroxybenzoate,,
M_dtbt_c,Dethiobiotin,,
M_ctbt_p,Crotonobetaine,,
M_met__L_c,L-Methionine,,
M_cit_p,Citrate,,
M_utp_c,UTP C9H11N2O15P3,,
M_succ_p,Succinate,,
M_ctp_c,CTP C9H12N3O14P3,,
M_cit_e,Citrate,,
M_s_c,Sulfur,,
M_o2_p,O2 O2,,
M_butso3_p,Butanesulfonate,,
M_butso3_e,Butanesulfonate,,
M_cu2_p,Copper,,
M_but_e,Butyrate (n-C4:0),,
M_cu_p,Cu+,,
M_but_p,Butyrate (n-C4:0),,
M_cu_c,Cu+,,
M_ca2_p,Calcium,,
M_au_p,Gold-Au,,
M_ca2_c,Calcium,,
M_au_c,Gold-Au,,
M_ca2_e,Calcium,,
M_cu2_c,Copper,,
M_lys__L_c,L-Lysine,,
M_icit_e,Isocitrate,,
M_cu2_e,Copper,,
M_icit_p,Isocitrate,,
M_15dap_p,"1,5-Diaminopentane",,
M_cu_e,Cu+,,
M_acon_C_e,Cis-Aconitate,,
M_so3_c,Sulfite,,
M_acon_C_p,Cis-Aconitate,,
M_15dap_c,"1,5-Diaminopentane",,
M_tcynt_c,Thiocyanate,,
M_lys__L_p,L-Lysine,,
M_lipa_cold_p,Cold adapted KDO(2)-lipid (A),,
M_tsul_c,Thiosulfate,,
M_lipa_cold_e,Cold adapted KDO(2)-lipid (A),,
M_cyan_c,Hydrogen cyanide,,
M_pa120_p,"1,2-didodecanoyl-sn-glycerol 3-phosphate",,
M_cyan_p,Hydrogen cyanide,,
M_pg120_p,"Phosphatidylglycerol (didodecanoyl, n-C12:0)",,
M_3mop_c,(S)-3-Methyl-2-oxopentanoate,,
M_tsul_p,Thiosulfate,,
M_dha_e,Dihydroxyacetone,,
M_clpn120_p,"Cardiolipin (tetradodecanoyl, n-C12:0)",,
M_tcynt_p,Thiocyanate,,
M_clpn140_p,"Cardiolipin (tetratetradecanoyl, n-C14:0)",,
M_dha_p,Dihydroxyacetone,,
M_so3_p,Sulfite,,
M_dha_c,Dihydroxyacetone,,
M_pg140_p,"Phosphatidylglycerol (ditetradecanoyl, n-C14:0)",,
M_cyan_e,Hydrogen cyanide,,
M_pa140_p,"1,2-ditetradecanoyl-sn-glycerol 3-phosphate",,
M_23dhb_c,"2,3-Dihydroxybenzoate",,
M_cynt_e,Cyanate,,
M_23ddhb_c,"2,3-Dihydro-2,3-dihydroxybenzoate",,
M_clpn141_p,"Cardiolipin (tetratetradec-7-enoyl, n-C14:1)",,
M_pg141_p,"Phosphatidylglycerol (ditetradec-7-enoyl, n-C14:1)",,
M_23dhba_c,"(2,3-Dihydroxybenzoyl)adenylate",,
M_cynt_p,Cyanate,,
M_23dhbzs_c,"2,3-dihydroxybenzoylserine",,
M_ser__L_c,L-Serine,,
M_pa141_p,"1,2-ditetradec-7-enoyl-sn-glycerol 3-phosphate",,
M_clpn160_p,"Cardiolipin (tetrahexadecanoyl, n-C16:0)",,
M_h2s_c,Hydrogen sulfide,,
M_pa160_p,"1,2-dihexadecanoyl-sn-glycerol 3-phosphate",,
M_23dhdp_c,"2,3-Dihydrodipicolinate",,
M_clpn161_p,"Cardiolipin (tetrahexadec-9-enoyl, n-C16:1)",,
M_cys__D_p,D-Cysteine,,
M_pa161_p,"1,2-dihexadec-9-enoyl-sn-glycerol 3-phosphate",,
M_thdp_c,"2,3,4,5-Tetrahydrodipicolinate",,
M_cys__D_e,D-Cysteine,,
M_dhf_c,"7,8-Dihydrofolate",,
M_pg161_p,"Phosphatidylglycerol (dihexadec-9-enoyl, n-C16:1)",,
M_3sala_c,3-Sulfino-L-alanine,,
M_pg180_p,"Phosphatidylglycerol (dioctadecanoyl, n-C18:0)",,
M_dhpt_c,Dihydropteroate,,
M_pa180_p,"1,2-dioctadecanoyl-sn-glycerol 3-phosphate",,
M_so2_c,Sulfur dioxide,,
M_clpn180_p,"Cardiolipin (tetraoctadecanoyl, n-C18:0)",,
M_octdp_c,All-trans-Octaprenyl diphosphate,,
M_cyst__L_c,L-Cystathionine,,
M_dhna_c,"1,4-Dihydroxy-2-naphthoate",,
M_pg181_p,"Phosphatidylglycerol (dioctadec-11-enoyl, n-C18:1)",,
M_hcys__L_c,L-Homocysteine,,
M_pa181_p,"1,2-dioctadec-11-enoyl-sn-glycerol 3-phosphate",,
M_gcald_c,Glycolaldehyde,,
M_trnacys_c,TRNA(Cys),,
M_6hmhpt_c,6-hydroxymethyl dihydropterin,,
M_dhnpt_c,Dihydroneopterin,,
M_clpn181_p,"Cardiolipin (tetraoctadec-11-enoyl, n-C18:1)",,
M_cystrna_c,L-Cysteinyl-tRNA(Cys),,
M_glyc_p,Glycerol,,
M_orot_c,Orotate C5H3N2O4,,
M_cys__L_p,L-Cysteine,,
M_dhor__S_c,(S)-Dihydroorotate,,
M_cl_c,Chloride,,
M_cl_p,Chloride,,
M_cysi__L_p,L Cystine C6H12N2O4S2,,
M_cl_e,Chloride,,
M_25drapp_c,"2,5-Diamino-6-(ribosylamino)-4-(3H)-pyrimidinone 5'-phosphate",,
M_cysi__L_c,L Cystine C6H12N2O4S2,,
M_6hmhptpp_c,6-hydroxymethyl-dihydropterin pyrophosphate,,
M_dhptd_c,"4,5-dihydroxy-2,3-pentanedione",,
M_csn_c,Cytosine,,
M_cmp_e,CMP C9H12N3O8P,,
M_cys__L_e,L-Cysteine,,
M_cmp_p,CMP C9H12N3O8P,,
M_hmfurn_c,4-hydroxy-5-methyl-3(2H)-furanone,,
M_cysi__L_e,L Cystine C6H12N2O4S2,,
M_3dhq_c,3-Dehydroquinate,,
M_co2_e,CO2 CO2,,
M_uri_c,Uridine,,
M_cobalt2_c,Co2+,,
M_3dhsk_c,3-Dehydroshikimate,,
M_cytd_c,Cytidine,,
M_dimp_e,DIMP C10H12N4O7P,,
M_cobalt2_p,Co2+,,
M_cobalt2_e,Co2+,,
M_cytd_e,Cytidine,,
M_colipa_p,Core oligosaccharide lipid A,,
M_dimp_p,DIMP C10H12N4O7P,,
M_cdp_c,CDP C9H12N3O11P2,,
M_din_p,Deoxyinosine,,
M_colipa_c,Core oligosaccharide lipid A,,
M_dcdp_c,DCDP C9H12N3O10P2,,
M_colipa_e,Core oligosaccharide lipid A,,
M_din_e,Deoxyinosine,,
M_dcmp_c,DCMP C9H12N3O7P,,
M_25dkglcn_c,"2,5-diketo-D-gluconate",,
M_cpgn_c,Coprogen,,
M_din_c,Deoxyinosine,,
M_cpgn_un_c,Coprogen unloaded (no Fe(III)),,
M_2kmb_c,2-keto-4-methylthiobutyrate,,
M_dad_2_c,Deoxyadenosine,,
M_dkmpp_c,"2,3-diketo-5-methylthio-1-phosphopentane",,
M_cpgn_un_p,Coprogen unloaded (no Fe(III)),,
M_damp_c,DAMP C10H12N5O6P,,
M_cpgn_un_e,Coprogen unloaded (no Fe(III)),,
M_cpgn_p,Coprogen,,
M_grdp_c,Geranyl diphosphate,,
M_dadp_c,DADP C10H12N5O9P2,,
M_ipdp_c,Isopentenyl diphosphate,,
M_cpgn_e,Coprogen,,
M_dad_2_p,Deoxyadenosine,,
M_pppg9_c,Protoporphyrinogen IX,,
M_dmpp_c,Dimethylallyl diphosphate,,
M_dad_2_e,Deoxyadenosine,,
M_h2mb4p_c,1-hydroxy-2-methyl-2-(E)-butenyl 4-diphosphate,,
M_cpppg3_c,Coproporphyrinogen III,,
M_ala__D_e,D-Alanine,,
M_crn_c,L-Carnitine,,
M_2omhmbl_c,"2-Octaprenyl-3-methyl-5-hydroxy-6-methoxy-1,4-benzoquinol",,
M_damp_e,DAMP C10H12N5O6P,,
M_dmso_e,Dimethyl sulfoxide,,
M_bbtcoa_c,Gamma-butyrobetainyl-CoA,,
M_damp_p,DAMP C10H12N5O6P,,
M_gbbtn_c,Gamma-butyrobetaine,,
M_dmso_p,Dimethyl sulfoxide,,
M_26dap__M_c,"Meso-2,6-Diaminoheptanedioate",,
M_dms_p,Dimethyl sulfide,,
M_dms_e,Dimethyl sulfide,,
M_crncoa_c,L-Carnitinyl-CoA,,
M_26dap_LL_c,"LL-2,6-Diaminoheptanedioate",,
M_crnDcoa_c,D-carnitinyl-CoA,,
M_ctbt_c,Crotonobetaine,,
M_ctbtcoa_c,Crotonobetainyl-CoA,,
M_4hba_c,4-Hydroxy-benzyl alcohol,,
M_oxam_c,Oxamate,,
M_15dap_e,"1,5-Diaminopentane",,
M_dhpmp_c,Dihydroneopterin monophosphate,,
M_ahdt_c,"2-Amino-4-hydroxy-6-(erythro-1,2,3-trihydroxypropyl)dihydropteridine triphosphate",,
M_crn__D_c,D-Carnitine,,
M_crn__D_p,D-Carnitine,,
M_datp_c,DATP C10H12N5O12P3,,
M_crn_p,L-Carnitine,,
M_23doguln_c,"2,3-Dioxo-L-gulonate",,
M_ditp_c,DITP(4-),,
M_dopa_p,Dopamine,,
M_db4p_c,"3,4-dihydroxy-2-butanone 4-phosphate",,
M_dopa_e,Dopamine,,
M_dca_e,Decanoate (n-C10:0),,
M_dpcoa_c,Dephospho-CoA,,
M_3hbcoa_c,(S)-3-Hydroxybutanoyl-CoA,,
M_dca_p,Decanoate (n-C10:0),,
M_3hhcoa_c,(S)-3-Hydroxyhexanoyl-CoA,,
M_2dr5p_c,2-Deoxy-D-ribose 5-phosphate,,
M_dcmp_e,DCMP C9H12N3O7P,,
M_g3p_c,Glyceraldehyde 3-phosphate,,
M_3hocoa_c,(S)-3-Hydroxyoctanoyl-CoA,,
M_dcmp_p,DCMP C9H12N3O7P,,
M_3hdcoa_c,(S)-3-Hydroxydecanoyl-CoA,,
M_3hddcoa_c,(S)-3-Hydroxydodecanoyl-CoA,,
M_dsbard_p,Periplasmic protein disulfide isomerase I (reduced),,
M_dctp_c,DCTP C9H12N3O13P3,,
M_dsbaox_p,Periplasmic protein disulfide isomerase I (oxidized),,
M_3htdcoa_c,(S)-3-Hydroxytetradecanoyl-CoA,,
M_dutp_c,DUTP C9H11N2O14P3,,
M_3hhdcoa_c,(S)-3-Hydroxyhexadecanoyl-CoA,,
M_3hodcoa_c,(S)-3-Hydroxyoctadecanoyl-CoA,,
M_gthrd_p,Reduced glutathione,,
M_duri_c,Deoxyuridine,,
M_gthox_p,Oxidized glutathione,,
M_dsbcrd_p,Protein disulfide isomerase II (reduced),,
M_6pgc_c,6-Phospho-D-gluconate,,
M_dcyt_c,Deoxycytidine,,
M_kdo2lipid4_c,KDO(2)-lipid IV(A),,
M_dsbcox_p,Protein disulfide isomerase II (oxidized),,
M_dcyt_p,Deoxycytidine,,
M_dsbdox_c,Fused thiol:disulfide interchange protein (oxidized),,
M_kdo2lipid4L_c,KDO(2)-lipid IV(A) with laurate,,
M_dcyt_e,Deoxycytidine,,
M_lipa_c,KDO(2)-lipid (A),,
M_trdrd_c,Reduced thioredoxin,,
M_ddca_e,Dodecanoate (n-C12:0),,
M_trdox_c,Oxidized thioredoxin,,
M_kdo2lipid4p_c,KDO(2)-lipid IV(A) with palmitoleoyl,,
M_ddca_p,Dodecanoate (n-C12:0),,
M_lipa_cold_c,Cold adapted KDO(2)-lipid (A),,
M_dsbdrd_c,Fused thiol:disulfide interchange protein (reduced),,
M_dsbgox_p,Periplasmic disulfide isomerase/thiol-disulphide oxidase (oxidized),,
M_2dh3dgal_c,2-Dehydro-3-deoxy-D-galactonate,,
M_dsbgrd_p,Periplasmic disulfide isomerase/thiol-disulphide oxidase (reduced),,
M_enlipa_p,Phosphoethanolamine KDO(2)-lipid (A),,
M_2dh3dgal6p_c,2-Dehydro-3-deoxy-D-galactonate 6-phosphate,,
M_enlipa_e,Phosphoethanolamine KDO(2)-lipid (A),,
M_ser__D_c,D-Serine,,
M_2ddglcn_p,2-Dehydro-3-deoxy-D-gluconate,,
M_2amsa_c,2-Aminomalonate semialdehyde,,
M_2pg_c,D-Glycerate 2-phosphate,,
M_2ddglcn_e,2-Dehydro-3-deoxy-D-gluconate,,
M_seramp_c,L-seryl-AMP,,
M_ser__D_p,D-Serine,,
M_2ddglcn_c,2-Dehydro-3-deoxy-D-gluconate,,
M_ser__D_e,D-Serine,,
M_enter_c,Enterochelin,,
M_etha_c,Ethanolamine,,
M_2ddg6p_c,2-Dehydro-3-deoxy-D-gluconate 6-phosphate,,
M_etha_p,Ethanolamine,,
M_dtdp_c,DTDP C10H13N2O11P2,,
M_e4p_c,D-Erythrose 4-phosphate,,
M_dtmp_c,DTMP C10H13N2O8P,,
M_etha_e,Ethanolamine,,
M_2dda7p_c,2-Dehydro-3-deoxy-D-arabino-heptonate 7-phosphate,,
M_ethso3_e,Ethanesulfonate,,
M_dtmp_e,DTMP C10H13N2O8P,,
M_dgmp_c,DGMP C10H12N5O7P,,
M_dtmp_p,DTMP C10H13N2O8P,,
M_ethso3_p,Ethanesulfonate,,
M_dgdp_c,DGDP C10H12N5O10P2,,
M_etoh_c,Ethanol,,
M_dump_p,DUMP C9H11N2O8P,,
M_dgmp_p,DGMP C10H12N5O7P,,
M_dump_e,DUMP C9H11N2O8P,,
M_etoh_p,Ethanol,,
M_etoh_e,Ethanol,,
M_dgmp_e,DGMP C10H12N5O7P,,
M_dump_c,DUMP C9H11N2O8P,,
M_dgsn_p,Deoxyguanosine,,
M_ura_c,Uracil,,
M_dgsn_c,Deoxyguanosine,,
M_2dr1p_c,2-Deoxy-D-ribose 1-phosphate,,
M_chitob_e,Chitobiose C16H28N2O11,,
M_dgsn_e,Deoxyguanosine,,
M_pydxn_e,Pyridoxine,,
M_pydx_e,Pyridoxal,,
M_duri_p,Deoxyuridine,,
M_duri_e,Deoxyuridine,,
M_3mob_c,3-Methyl-2-oxobutanoate,,
M_dxyl5p_c,1-deoxy-D-xylulose 5-phosphate,,
M_2me4p_c,2-C-methyl-D-erythritol 4-phosphate,,
M_3hcinnm_e,3-hydroxycinnamic acid,,
M_3hpppn_e,3-(3-hydroxy-phenyl)propionate,,
M_23dhmb_c,"(R)-2,3-Dihydroxy-3-methylbutanoate",,
M_ag_e,Silver,,
M_enter_e,Enterochelin,,
M_dxyl_c,1-deoxy-D-xylulose,,
M_lac__D_p,D-Lactate,,
M_23dhmp_c,"(R)-2,3-Dihydroxy-3-methylpentanoate",,
M_f6p_e,D-Fructose 6-phosphate,,
M_h2_e,Hydrogen,,
M_fald_e,Formaldehyde,,
M_fe2_e,Fe2+ mitochondria,,
M_lac__D_e,D-Lactate,,
M_4per_c,4-Phospho-D-erythronate,,
M_eca4colipa_e,(enterobacterial common antigen)x4 core oligosaccharide lipid A,,
M_fe3dcit_e,Fe(III)dicitrate,,
M_h2o2_e,Hydrogen peroxide,,
M_fe3dhbzs_e,"Ferric 2,3-dihydroxybenzoylserine",,
M_eca4colipa_p,(enterobacterial common antigen)x4 core oligosaccharide lipid A,,
M_h2o_e,H2O H2O,,
M_eca4und_p,(enterobacterial common antigen)x4 undecaprenyl-diphosphate,,
M_fe3hox_e,Fe(III)hydroxamate,,
M_h2s_e,Hydrogen sulfide,,
M_fe3hox_un_e,"Fe(III)hydoxamate, unloaded",,
M_udcpdp_p,Undecaprenyl diphosphate,,
M_h_e,H+,,
M_eca2und_p,(enterobacterial common antigen)x2 undecaprenyl-diphosphate,,
M_fecrm_e,Ferrichrome,,
M_fecrm_un_e,Ferrichrome minus Fe(III),,
M_hacolipa_e,Hepta-acylated core oligosaccharide lipid A (E. coli),,
M_feenter_e,Fe-enterobactin,,
M_unagamuf_p,"Undecaprenyl-diphospho N-acetylglucosamine-N-acetylmannosaminuronate-N-acetamido-4,6-dideoxy-D-galactose",,
M_halipa_e,Hepta-acylated KDO(2)-lipid (A),,
M_eca3und_p,(enterobacterial common antigen)x3 undecaprenyl-diphosphate,,
M_feoxam_e,Generic ferrioxamine-Fe-III,,
M_hdca_e,Hexadecanoate (n-C16:0),,
M_feoxam_un_e,Ferroxamine minus Fe(3),,
M_unagamuf_c,"Undecaprenyl-diphospho N-acetylglucosamine-N-acetylmannosaminuronate-N-acetamido-4,6-dideoxy-D-galactose",,
M_hdcea_e,Hexadecenoate (n-C16:1),,
M_for_e,Formate,,
M_hg2_e,Mercury  charged 2  Hg,,
M_fru_e,D-Fructose,,
M_his__L_e,L-Histidine,,
M_frulys_e,Fructoselysine,,
M_spmd_e,Spermidine,,
M_hom__L_e,L-Homoserine,,
M_succ_e,Succinate,,
M_fruur_e,D-Fructuronate,,
M_hxa_e,Hexanoate (n-C6:0),,
M_fuc__L_e,L-Fucose,,
M_sucr_e,Sucrose C12H22O11,,
M_sulfac_e,Sulfoacetate,,
M_fum_e,Fumarate,,
M_hxan_e,Hypoxanthine,,
M_g1p_e,D-Glucose 1-phosphate,,
M_tartr__L_e,L-tartrate,,
M_idon__L_e,L-Idonate,,
M_taur_e,Taurine C2H7NO3S,,
M_g3pc_e,Sn-Glycero-3-phosphocholine,,
M_ile__L_e,L-Isoleucine,,
M_g3pe_e,Sn-Glycero-3-phosphoethanolamine,,
M_tcynt_e,Thiocyanate,,
M_imp_e,IMP C10H11N4O8P,,
M_thm_e,Thiamin,,
M_g3pg_e,Glycerophosphoglycerol,,
M_g3pi_e,Sn-Glycero-3-phospho-1-inositol,,
M_indole_e,Indole,,
M_g3ps_e,Glycerophosphoserine,,
M_thr__L_e,L-Threonine,,
M_inost_e,Myo-Inositol,,
M_thrp_e,L-Threonine O-3-phosphate,,
M_g6p_e,D-Glucose 6-phosphate,,
M_ins_e,Inosine,,
M_gal1p_e,Alpha-D-Galactose 1-phosphate,,
M_thym_e,Thymine C5H6N2O2,,
M_isetac_e,Isethionic acid,,
M_thymd_e,Thymidine C10H14N2O5,,
M_tma_e,Trimethylamine,,
M_gal_bD_e,Beta D-Galactose,,
M_k_e,Potassium,,
M_gal_e,D-Galactose,,
M_tmao_e,Trimethylamine N-oxide,,
M_kdo2lipid4_e,KDO(2)-lipid IV(A),,
M_tre_e,Trehalose,,
M_galct__D_e,D-Galactarate,,
M_galctn__D_e,D-Galactonate,,
M_lac__L_e,L-Lactate,,
M_galctn__L_e,L-Galactonate,,
M_trp__L_e,L-Tryptophan,,
M_lcts_e,Lactose C12H22O11,,
M_tsul_e,Thiosulfate,,
M_galt_e,Galactitol,,
M_leu__L_e,L-Leucine,,
M_galur_e,D-Galacturonate,,
M_ttdca_e,Tetradecanoate (n-C14:0),,
M_lipa_e,KDO(2)-lipid (A),,
M_ttdcea_e,Tetradecenoate (n-C14:1),,
M_gam6p_e,D-Glucosamine 6-phosphate,,
M_lys__L_e,L-Lysine,,
M_gam_e,D-Glucosamine,,
M_tungs_e,Tungstate,,
M_lyx__L_e,L-Lyxose,,
M_tym_e,Tyramine,,
M_gbbtn_e,Gamma-butyrobetaine,,
M_mal__D_e,D-Malate,,
M_gdp_e,GDP C10H12N5O11P2,,
M_glc__D_e,D-Glucose,,
M_tyr__L_e,L-Tyrosine,,
M_mal__L_e,L-Malate,,
M_tyrp_e,Phosphotyrosine,,
M_uacgam_e,UDP-N-acetyl-D-glucosamine,,
M_glcn_e,D-Gluconate,,
M_glcr_e,D-Glucarate,,
M_malt_e,Maltose C12H22O11,,
M_glcur1p_e,D-Glucuronate 1-phosphate,,
M_glcur_e,D-Glucuronate,,
M_udpacgal_e,UDP-N-acetyl-D-galactosamine,,
M_udpg_e,UDPglucose,,
M_malthx_e,Maltohexaose,,
M_udpgal_e,UDPgalactose,,
M_gln__L_e,L-Glutamine,,
M_maltpt_e,Maltopentaose,,
M_glu__L_e,L-Glutamate,,
M_udpglcur_e,UDP-D-glucuronate,,
M_malttr_e,Maltotriose C18H32O16,,
M_ump_e,UMP C9H11N2O9P,,
M_gly_e,Glycine,,
M_ura_e,Uracil,,
M_maltttr_e,Maltotetraose,,
M_urea_e,Urea CH4N2O,,
M_glyald_e,D-Glyceraldehyde,,
M_glyb_e,Glycine betaine,,
M_man6p_e,D-Mannose 6-phosphate,,
M_glyc2p_e,Glycerol 2-phosphate,,
M_uri_e,Uridine,,
M_man_e,D-Mannose,,
M_val__L_e,L-Valine,,
M_glyc3p_e,Glycerol 3-phosphate,,
M_manglyc_e,2(alpha-D-Mannosyl)-D-glycerate,,
M_glyc__R_e,(R)-Glycerate,,
M_xan_e,Xanthine,,
M_melib_e,Melibiose C12H22O11,,
M_xmp_e,Xanthosine 5'-phosphate,,
M_glyc_e,Glycerol,,
M_met__D_e,D-Methionine,,
M_glyclt_e,Glycolate C2H3O3,,
M_xtsn_e,Xanthosine,,
M_met__L_e,L-Methionine,,
M_xyl__D_e,D-Xylose,,
M_gmp_e,GMP C10H12N5O8P,,
M_gsn_e,Guanosine,,
M_metsox_R__L_e,L-methionine-R-sulfoxide,,
M_gthox_e,Oxidized glutathione,,
M_xylu__L_e,L-Xylulose,,
M_metsox_S__L_e,L-Methionine Sulfoxide,,
M_zn2_e,Zinc,,
M_gthrd_e,Reduced glutathione,,
M_mg2_e,Magnesium,,
M_gtp_e,GTP C10H12N5O14P3,,
M_2ohph_c,2-Octaprenyl-6-hydroxyphenol,,
M_minohp_e,Myo-Inositol hexakisphosphate,,
M_mlthf_c,"5,10-Methylenetetrahydrofolate",,
M_gua_e,Guanine,,
M_mmet_e,S-Methyl-L-methionine,,
M_mn2_e,Manganese,,
M_phe__L_c,L-Phenylalanine,,
M_mnl_e,D-Mannitol,,
M_thr__L_c,L-Threonine,,
M_fe3dhbzs_c,"Ferric 2,3-dihydroxybenzoylserine",,
M_fe3dhbzs_p,"Ferric 2,3-dihydroxybenzoylserine",,
M_mobd_e,Molybdate,,
M_fe3hox_c,Fe(III)hydroxamate,,
M_pe161_p,"Phosphatidylethanolamine (dihexadec-9enoyl, n-C16:1)",,
M_mso3_e,Methanesulfonate,,
M_leu__L_c,L-Leucine,,
M_fe3hox_un_c,"Fe(III)hydoxamate, unloaded",,
M_n2o_e,Nitrous oxide,,
M_fe3hox_un_p,"Fe(III)hydoxamate, unloaded",,
M_his__L_c,L-Histidine,,
M_na1_e,Sodium,,
M_tyr__L_c,L-Tyrosine,,
M_fe3hox_p,Fe(III)hydroxamate,,
M_nac_e,Nicotinate,,
M_fe3_p,Iron (Fe3+),,
M_murein5px4p_p,"Two disacharide linked murein units, pentapeptide crosslinked tetrapeptide (A2pm->D-ala) (middle of chain)",,
M_fecrm_un_c,Ferrichrome minus Fe(III),,
M_nh4_e,Ammonium,,
M_fecrm_c,Ferrichrome,,
M_k_c,Potassium,,
M_ni2_e,Nickel,,
M_mg2_c,Magnesium,,
M_fecrm_un_p,Ferrichrome minus Fe(III),,
M_nmn_e,NMN C11H14N2O8P,,
M_fecrm_p,Ferrichrome,,
M_pheme_c,Protoheme C34H30FeN4O4,,
M_no2_e,Nitrite,,
M_dttp_c,DTTP C10H13N2O14P3,,
M_feenter_c,Fe-enterobactin,,
M_feenter_p,Fe-enterobactin,,
M_no3_e,Nitrate,,
M_enter_p,Enterochelin,,
M_fe3_c,Iron (Fe3+),,
M_no_e,Nitric oxide,,
M_dgtp_c,DGTP C10H12N5O13P3,,
M_feoxam_c,Generic ferrioxamine-Fe-III,,
M_o2_e,O2 O2,,
M_feoxam_un_c,Ferroxamine minus Fe(3),,
M_ile__L_c,L-Isoleucine,,
M_o2s_e,Superoxide anion,,
M_so4_c,Sulfate,,
M_feoxam_un_p,Ferroxamine minus Fe(3),,
M_ocdca_e,Octadecanoate (n-C18:0),,
M_feoxam_p,Generic ferrioxamine-Fe-III,,
M_thmpp_c,Thiamine diphosphate,,
M_mobd_c,Molybdate,,
M_ocdcea_e,Octadecenoate (n-C18:1),,
M_val__L_c,L-Valine,,
M_h2_c,Hydrogen,,
M_octa_e,Octanoate (n-C8:0),,
M_trp__L_c,L-Tryptophan,,
M_orn_e,Ornithine,,
M_sheme_c,Siroheme C42H36FeN4O16,,
M_fldrd_c,Flavodoxin (reduced) - obsolete,,
M_fldox_c,Flavodoxin (oxidized) - obsolete,,
M_orot_e,Orotate C5H3N2O4,,
M_fmettrna_c,N-Formylmethionyl-tRNA,,
M_mn2_c,Manganese,,
M_zn2_c,Zinc,,
M_mettrna_c,L-Methionyl-tRNA (Met),,
M_oaa_e,Oxaloacetate,,
M_2dmmq8_c,2-Demethylmenaquinone 8,,
M_f1p_c,D-Fructose 1-phosphate,,
M_udcpdp_c,Undecaprenyl diphosphate,,
M_f6p_c,D-Fructose 6-phosphate,,
M_fru_c,D-Fructose,,
M_frulys_p,Fructoselysine,,
M_pacald_e,Phenylacetaldehyde,,
M_fruur_p,D-Fructuronate,,
M_f6p_p,D-Fructose 6-phosphate,,
M_peamn_e,Phenethylamine,,
M_tdecoa_c,Tetradecenoyl-CoA (n-C14:1CoA),,
M_fru_p,D-Fructose,,
M_hdcoa_c,Hexadecenoyl-CoA (n-C16:1CoA),,
M_phe__L_e,L-Phenylalanine,,
M_odecoa_c,Octadecenoyl-CoA (n-C18:1CoA),,
M_fuc__L_p,L-Fucose,,
M_mal__L_c,L-Malate,,
M_pheme_e,Protoheme C34H30FeN4O4,,
M_fum_p,Fumarate,,
M_hxa_c,Hexanoate (n-C6:0),,
M_pi_e,Phosphate,,
M_ttdca_p,Tetradecanoate (n-C14:0),,
M_gam1p_c,D-Glucosamine 1-phosphate,,
M_pnto__R_e,(R)-Pantothenate,,
M_acgam1p_c,N-Acetyl-D-glucosamine 1-phosphate,,
M_ttdcea_p,Tetradecenoate (n-C14:1),,
M_ppa_e,Propionate (n-C3:0),,
M_hdca_p,Hexadecanoate (n-C16:0),,
M_hdcea_p,Hexadecenoate (n-C16:1),,
M_glc__D_p,D-Glucose,,
M_ppal_e,Propanal,,
M_g1p_p,D-Glucose 1-phosphate,,
M_ocdca_p,Octadecanoate (n-C18:0),,
M_pppn_e,Phenylpropanoate,,
M_ocdcea_p,Octadecenoate (n-C18:1),,
M_dtdpglu_c,DTDPglucose,,
M_g1p_c,D-Glucose 1-phosphate,,
M_ppt_e,Phosphonate,,
M_5aop_c,5-Amino-4-oxopentanoate,,
M_hxa_p,Hexanoate (n-C6:0),,
M_pro__L_e,L-Proline,,
M_octa_p,Octanoate (n-C8:0),,
M_fald_p,Formaldehyde,,
M_glu1sa_c,L-Glutamate 1-semialdehyde,,
M_progly_e,L-Prolinylglycine,,
M_glyc2p_p,Glycerol 2-phosphate,,
M_fald_c,Formaldehyde,,
M_psclys_e,Psicoselysine,,
M_gthrd_c,Reduced glutathione,,
M_glyc3p_c,Glycerol 3-phosphate,,
M_g3pc_p,Sn-Glycero-3-phosphocholine,,
M_pser__L_e,O-Phospho-L-serine,,
M_g3pc_c,Sn-Glycero-3-phosphocholine,,
M_hmgth_c,Hydroxymethylglutathione,,
M_ptrc_e,Putrescine,,
M_dhap_c,Dihydroxyacetone phosphate,,
M_g3pe_c,Sn-Glycero-3-phosphoethanolamine,,
M_pyr_e,Pyruvate,,
M_g3pe_p,Sn-Glycero-3-phosphoethanolamine,,
M_fdp_c,"D-Fructose 1,6-bisphosphate",,
M_r5p_e,Alpha-D-Ribose 5-phosphate,,
M_fcl__L_c,L-fuculose,,
M_g3pg_p,Glycerophosphoglycerol,,
M_rib__D_e,D-Ribose,,
M_g3pg_c,Glycerophosphoglycerol,,
M_fuc__L_c,L-Fucose,,
M_rmn_e,L-Rhamnose,,
M_fc1p_c,L-Fuculose 1-phosphate,,
M_g3pi_c,Sn-Glycero-3-phospho-1-inositol,,
M_sbt__D_e,D-Sorbitol,,
M_g3pi_p,Sn-Glycero-3-phospho-1-inositol,,
M_lald__L_c,L-Lactaldehyde,,
M_ser__L_e,L-Serine,,
M_ppp9_c,Protoporphyrin,,
M_g3ps_p,Glycerophosphoserine,,
M_g3ps_c,Glycerophosphoserine,,
M_skm_e,Shikimate,,
M_glyc_c,Glycerol,,
M_for_p,Formate,,
M_fe2_p,Fe2+ mitochondria,,
M_so2_e,Sulfur dioxide,,
M_1pyr5c_c,1-Pyrroline-5-carboxylate,,
M_so3_e,Sulfite,,
M_glu5sa_c,L-Glutamate 5-semialdehyde,,
M_so4_e,Sulfate,,
M_glu5p_c,L-Glutamate 5-phosphate,,
M_glcr_c,D-Glucarate,,
M_pydam_c,Pyridoxamine,,
M_glcr_p,D-Glucarate,,
M_6pgl_c,"6-phospho-D-glucono-1,5-lactone",,
M_g6p_p,D-Glucose 6-phosphate,,
M_gal_p,D-Galactose,,
M_hxan_p,Hypoxanthine,,
M_gal1p_p,Alpha-D-Galactose 1-phosphate,,
M_adpglc_c,ADPglucose C16H23N5O15P2,,
M_ichor_c,Isochorismate,,
M_icolipa_c,Inner core oligosaccharide lipid A (E coli),,
M_gal_bD_p,Beta D-Galactose,,
M_idon__L_p,L-Idonate,,
M_galctn__L_p,L-Galactonate,,
M_ggagicolipa_c,Glucosyl-galactosyl-glucosyl-inner core oligosaccharide lipid A,,
M_gggagicolipa_c,Glucosyl-glucosyl-galactosyl-glucosyl-inner core oligosaccharide lipid A,,
M_eig3p_c,D-erythro-1-(Imidazol-4-yl)glycerol 3-phosphate,,
M_galctn__D_c,D-Galactonate,,
M_prlp_c,5-[(5-phospho-1-deoxyribulos-1-ylamino)methylideneamino]-1-(5-phosphoribosyl)imidazole-4-carboxamide,,
M_galctn__D_p,D-Galactonate,,
M_glcur1p_p,D-Glucuronate 1-phosphate,,
M_glcur_p,D-Glucuronate,,
M_galct__D_p,D-Galactarate,,
M_galct__D_c,D-Galactarate,,
M_glcur_c,D-Glucuronate,,
M_3ig3p_c,C'-(3-Indolyl)-glycerol 3-phosphate,,
M_glntrna_c,L-Glutaminyl-tRNA(Gln),,
M_trnagln_c,TRNA(Gln),,
M_gal1p_c,Alpha-D-Galactose 1-phosphate,,
M_gal_c,D-Galactose,,
M_2cpr5p_c,1-(2-Carboxyphenylamino)-1-deoxy-D-ribulose 5-phosphate,,
M_melib_c,Melibiose C12H22O11,,
M_gln__L_p,L-Glutamine,,
M_iletrna_c,L-Isoleucyl-tRNA(Ile),,
M_glucys_c,Gamma-L-Glutamyl-L-cysteine,,
M_gicolipa_c,Glucosyl-inner core oligosaccharide lipid A,,
M_trnaile_c,TRNA(Ile),,
M_udpg_c,UDPglucose,,
M_glu__L_p,L-Glutamate,,
M_ile__L_p,L-Isoleucine,,
M_pram_c,5-Phospho-beta-D-ribosylamine,,
M_gagicolipa_c,Galactosyl-glucosyl-inner core oligosaccharide lipid A,,
M_imp_p,IMP C10H11N4O8P,,
M_galt_p,Galactitol,,
M_glu__D_c,D-Glutamate,,
M_glutrna_c,L-Glutamyl-tRNA(Glu),,
M_indole_p,Indole,,
M_trnaglu_c,TRNA (Glu),,
M_galur_p,D-Galacturonate,,
M_indole_c,Indole,,
M_galur_c,D-Galacturonate,,
M_gam6p_p,D-Glucosamine 6-phosphate,,
M_glx_c,Glyoxylate,,
M_ins_p,Inosine,,
M_glyald_p,D-Glyceraldehyde,,
M_gam_p,D-Glucosamine,,
M_3c4mop_c,3-Carboxy-4-methyl-2-oxopentanoate,,
M_13dpg_c,3-Phospho-D-glyceroyl phosphate,,
M_glyald_c,D-Glyceraldehyde,,
M_3c2hmp_c,3-Carboxy-2-hydroxy-4-methylpentanoate,,
M_gar_c,N1-(5-Phospho-D-ribosyl)glycinamide,,
M_2ippm_c,2-Isopropylmaleate,,
M_fgam_c,N2-Formyl-N1-(5-phospho-D-ribosyl)glycinamide,,
M_3c3hmp_c,3-Carboxy-3-hydroxy-4-methylpentanoate,,
M_gdpddman_c,GDP-4-dehydro-6-deoxy-D-mannose,,
M_isetac_p,Isethionic acid,,
M_gdpofuc_c,GDP-4-oxo-L-fucose,,
M_kdo2lipid4_p,KDO(2)-lipid IV(A),,
M_ppgpp_c,"Guanosine 3',5'-bis(diphosphate)",,
M_kdo_c,3-Deoxy-D-manno-2-octulosonate,,
M_gdpmann_c,GDP-D-mannose,,
M_glyb_p,Glycine betaine,,
M_ckdo_c,CMP-3-deoxy-D-manno-octulosonate,,
M_glyb_c,Glycine betaine,,
M_man_c,D-Mannose,,
M_gmp_c,GMP C10H12N5O8P,,
M_kdo8p_c,3-Deoxy-D-manno-octulosonate 8-phosphate,,
M_man1p_c,D-Mannose 1-phosphate,,
M_glyc3p_p,Glycerol 3-phosphate,,
M_xu5p__L_c,L-Xylulose 5-phosphate,,
M_glyc__R_c,(R)-Glycerate,,
M_gdp_p,GDP C10H12N5O11P2,,
M_k_p,Potassium,,
M_glycogen_c,Glycogen C6H10O5,,
M_glyc__R_p,(R)-Glycerate,,
M_uLa4n_p,Undecaprenyl phosphate-4-amino-4-deoxy-L-arabinose,,
M_3pg_c,3-Phospho-D-glycerate,,
M_bglycogen_c,Branching glycogen,,
M_udcpp_p,Undecaprenyl phosphate,,
M_acglc__D_c,6-Acetyl-D-glucose,,
M_glyclt_c,Glycolate C2H3O3,,
M_lald__D_c,D-Lactaldehyde,,
M_glyclt_p,Glycolate C2H3O3,,
M_glcn_p,D-Gluconate,,
M_lcts_p,Lactose C12H22O11,,
M_2h3oppan_c,2-Hydroxy-3-oxopropanoate,,
M_lgt__S_c,(R)-S-Lactoylglutathione,,
M_4mop_c,4-Methyl-2-oxopentanoate,,
M_trnagly_c,TRNA(Gly),,
M_5dh4dglc_c,5-Dehydro-4-deoxy-D-glucarate,,
M_leutrna_c,L-Leucyl-tRNA(Leu),,
M_glytrna_c,Glycyl-tRNA(Gly),,
M_trnaleu_c,TRNA(Leu),,
M_gly_p,Glycine,,
M_murein5p5p5p_p,"Three linked disacharide pentapeptide murein units (uncrosslinked, middle of chain)",,
M_leu__L_p,L-Leucine,,
M_murein4px4p_p,"Two disacharide linked murein units, tetrapeptide corsslinked tetrapeptide (A2pm->D-ala) (middle of chain)",,
M_gmhep1p_c,D-Glycero-D-manno-heptose 1-phosphate,,
M_gmhep17bp_c,"D-Glycero-D-manno-heptose 1,7-bisphosphate",,
M_lipa_p,KDO(2)-lipid (A),,
M_gmhep7p_c,D-Glycero-D-manno-heptose 7-phosphate,,
M_murein4px4px4p_p,Three disacharide linked murein units (tetrapeptide crosslinked tetrapeptide (A2pm->D-ala) & tetrapeptide corsslinked tetrapeptide (A2pm->D-ala)) (middle of chain),,
M_lipidAds_c,Lipid A Disaccharide,,
M_murein5p4p_p,"Two linked disacharide pentapeptide and tetrapeptide murein units (uncrosslinked, middle of chain)",,
M_xmp_c,Xanthosine 5'-phosphate,,
M_lipidX_c,"2,3-Bis(3-hydroxytetradecanoyl)-beta-D-glucosaminyl 1-phosphate",,
M_gmp_p,GMP C10H12N5O8P,,
M_murein4p4p_p,"Two linked disacharide tetrapeptide murein units (uncrosslinked, middle of chain)",,
M_u23ga_c,"UDP-2,3-bis(3-hydroxytetradecanoyl)glucosamine",,
M_murein5p3p_p,"Two linked disacharide pentapeptide and tripeptide murein units (uncrosslinked, middle of chain)",,
M_murein4p3p_p,"Two linked disacharide tetrapeptide and tripeptide murein units (uncrosslinked, middle of chain)",,
M_murein3px4p_p,"Two disacharide linked murein units, tripeptide crosslinked tetrapeptide (A2pm->D-ala) (middle of chain)",,
M_gdpfuc_c,GDP-L-fucose,,
M_ser__L_p,L-Serine,,
M_inost_c,Myo-Inositol,,
M_1ddecg3p_p,1-dodecanoyl-sn-glycerol 3-phosphate,,
M_inost_p,Myo-Inositol,,
M_murein4px4p4p_p,"Three disacharide linked murein units (tetrapeptide crosslinked tetrapeptide (A2pm->D-ala), one uncrosslinked tetrapaptide) (middle of chain)",,
M_5mdru1p_c,5-Methylthio-5-deoxy-D-ribulose 1-phosphate,,
M_1tdecg3p_p,1-tetradecanoyl-sn-glycerol 3-phosphate,,
M_2mecdp_c,"2-C-methyl-D-erythritol 2,4-cyclodiphosphate",,
M_frdp_c,Farnesyl diphosphate,,
M_grxrd_c,Glutaredoxin (reduced),,
M_1tdec7eg3p_p,1-tetradec-7-enoyl-sn-glycerol 3-phosphate,,
M_gthox_c,Oxidized glutathione,,
M_melib_p,Melibiose C12H22O11,,
M_1hdecg3p_p,1-hexadecanoyl-sn-glycerol 3-phosphate,,
M_met__D_p,D-Methionine,,
M_grxox_c,Glutaredoxin (oxidized),,
M_1hdec9eg3p_p,1-hexadec-9-enoyl-sn-glycerol 3-phosphate,,
M_gsn_c,Guanosine,,
M_met__D_c,D-Methionine,,
M_1odecg3p_p,1-octadecanoyl-sn-glycerol 3-phosphate,,
M_metsox_S__L_c,L-Methionine Sulfoxide,,
M_gtspmd_c,Glutathionylspermidine,,
M_1odec11eg3p_p,1-octadec-11-enoyl-sn-glycerol 3-phosphate,,
M_spmd_c,Spermidine,,
M_metsox_R__L_c,L-methionine-R-sulfoxide,,
M_1agpe120_p,1-Acyl-sn-glycero-3-phosphoethanolamine (n-C12:0),,
M_5mthf_c,5-Methyltetrahydrofolate,,
M_metsox_S__L_p,L-Methionine Sulfoxide,,
M_gdptp_c,Guanosine 3'-diphosphate 5'-triphosphate,,
M_xtp_c,XTP,,
M_1agpe140_p,1-Acyl-sn-glycero-3-phosphoethanolamine (n-C14:0),,
M_gtp_p,GTP C10H12N5O14P3,,
M_metsox_R__L_p,L-methionine-R-sulfoxide,,
M_1agpe141_p,1-Acyl-sn-glycero-3-phosphoethanolamine (n-C14:1),,
M_trnamet_c,TRNA(Met),,
M_gua_c,Guanine,,
M_1agpe160_p,1-Acyl-sn-glycero-3-phosphoethanolamine (n-C16:0),,
M_gua_p,Guanine,,
M_met__L_p,L-Methionine,,
M_mg2_p,Magnesium,,
M_1agpe161_p,1-Acyl-sn-glycero-3-phosphoethanolamine (n-C16:1),,
M_h2o2_p,Hydrogen peroxide,,
M_1agpe180_p,1-Acyl-sn-glycero-3-phosphoethanolamine (n-C18:0),,
M_h2s_p,Hydrogen sulfide,,
M_mi1p__D_c,1D-myo-Inositol 1-phosphate,,
M_1agpe181_p,1-Acyl-sn-glycero-3-phosphoethanolamine (n-C18:1),,
M_minohp_p,Myo-Inositol hexakisphosphate,,
M_murein3p3p_p,"Two linked disacharide tripeptide murein units (uncrosslinked, middle of chain)",,
M_h2_p,Hydrogen,,
M_1agpg120_p,1-Acyl-sn-glycero-3-phosphoglycerol (n-C12:0),,
M_aacoa_c,Acetoacetyl-CoA,,
M_murein3px3p_p,"Two disacharide linked murein units, tripeptide crosslinked tripeptide (A2pm->A2pm) (middle of chain)",,
M_1agpg140_p,1-Acyl-sn-glycero-3-phosphoglycerol (n-C14:0),,
M_mmcoa__S_c,(S)-Methylmalonyl-CoA,,
M_3ohcoa_c,3-Oxohexanoyl-CoA,,
M_1agpg141_p,1-Acyl-sn-glycero-3-phosphoglycerol (n-C14:1),,
M_3oocoa_c,3-Oxooctanoyl-CoA,,
M_1agpg160_p,1-Acyl-sn-glycero-3-phosphoglycerol (n-C16:0),,
M_3odcoa_c,3-Oxodecanoyl-CoA,,
M_3oddcoa_c,3-Oxododecanoyl-CoA,,
M_mmcoa__R_c,(R)-Methylmalonyl-CoA,,
M_1agpg161_p,1-Acyl-sn-glycero-3-phosphoglycerol (n-C16:1),,
M_mmet_p,S-Methyl-L-methionine,,
M_3otdcoa_c,3-Oxotetradecanoyl-CoA,,
M_1agpg180_p,1-Acyl-sn-glycero-3-phosphoglycerol (n-C18:0),,
M_3ohdcoa_c,3-Oxohexadecanoyl-CoA,,
M_mn2_p,Manganese,,
M_1agpg181_p,1-Acyl-sn-glycero-3-phosphoglycerol (n-C18:1),,
M_mnl_p,D-Mannitol,,
M_3ohodcoa_c,3-Oxooctadecanoyl-CoA,,
M_apg120_c,Acyl phosphatidylglycerol (n-C12:0),,
M_3ophb_c,3-Octaprenyl-4-hydroxybenzoate,,
M_lipidA_c,"2,3,2'3'-Tetrakis(beta-hydroxymyristoyl)-D-glucosaminyl-1,6-beta-D-glucosamine 1,4'-bisphosphate",,
M_apg140_c,Acyl phosphatidylglycerol (n-C14:0),,
M_kdolipid4_c,KDO-lipid IV(A),,
M_3hcinnm_p,3-hydroxycinnamic acid,,
M_apg141_c,Acyl phosphatidylglycerol (n-C14:1),,
M_hemeO_c,Heme O C49H56FeN4O5,,
M_kphphhlipa_c,Kdo-phospho-heptosyl-phospho-heptosyl-heptosyl-kdo2-lipidA,,
M_apg160_c,Acyl phosphatidylglycerol (n-C16:0),,
M_mobd_p,Molybdate,,
M_hhlipa_c,Heptosyl-heptosyl-kdo2-lipidA,,
M_apg161_c,Acyl phosphatidylglycerol (n-C16:1),,
M_phhlipa_c,Phospho-heptosyl-heptosyl-kdo2-lipidA,,
M_2dhp_c,2-Dehydropantoate,,
M_apg180_c,Acyl phosphatidylglycerol (n-C18:0),,
M_uaagmda_c,"Undecaprenyl-diphospho-N-acetylmuramoyl-(N-acetylglucosamine)-L-ala-D-glu-meso-2,6-diaminopimeloyl-D-ala-D-ala",,
M_hphhlipa_c,Heptosyl-phospho-heptosyl-heptosyl-kdo2-lipidA,,
M_phphhlipa_c,Phospho-heptosyl-phospho-heptosyl-heptosyl-kdo2-lipidA,,
M_mso3_p,Methanesulfonate,,
M_apg181_c,Acyl phosphatidylglycerol (n-C18:1),,
M_5mtr_c,5-Methylthio-D-ribose,,
M_5mta_c,5-Methylthioadenosine,,
M_hlipa_c,Heptosyl-kdo2-lipidA,,
M_4mhetz_c,4-Methyl-5-(2-hydroxyethyl)-thiazole,,
M_trnalys_c,TRNA(Lys),,
M_4mpetz_c,4-Methyl-5-(2-phosphoethyl)-thiazole,,
M_methf_c,"5,10-Methenyltetrahydrofolate",,
M_lystrna_c,L-Lysine-tRNA (Lys),,
M_5mdr1p_c,5-Methylthio-5-deoxy-D-ribose 1-phosphate,,
M_man6p_c,D-Mannose 6-phosphate,,
M_xylu__L_c,L-Xylulose,,
M_hg2_p,Mercury  charged 2  Hg,,
M_Nmtrp_c,N-Methyltryptophan,,
M_lyx__L_c,L-Lyxose,,
M_n2o_p,Nitrous oxide,,
M_hg2_c,Mercury  charged 2  Hg,,
M_lyx__L_p,L-Lyxose,,
M_histd_c,L-Histidinol,,
M_n2o_c,Nitrous oxide,,
M_lac__L_c,L-Lactate,,
M_nac_p,Nicotinate,,
M_hisp_c,L-Histidinol phosphate,,
M_lac__L_p,L-Lactate,,
M_histrna_c,L-Histidyl-tRNA(His),,
M_nac_c,Nicotinate,,
M_trnahis_c,TRNA(His),,
M_mnl1p_c,D-Mannitol 1-phosphate,,
M_his__L_p,L-Histidine,,
M_nmn_c,NMN C11H14N2O8P,,
M_ncam_c,Nicotinamide,,
M_mal__D_p,D-Malate,,
M_dnad_c,Deamino-NAD+,,
M_ppbng_c,Porphobilinogen,,
M_mal__D_c,D-Malate,,
M_hmbil_c,Hydroxymethylbilane,,
M_nicrnt_c,Nicotinate D-ribonucleotide,,
M_acmalt_c,Acetyl-maltose,,
M_dudp_c,DUDP C9H11N2O11P2,,
M_4ahmmp_c,4-Amino-5-hydroxymethyl-2-methylpyrimidine,,
M_maltpt_p,Maltopentaose,,
M_3hpppn_p,3-(3-hydroxy-phenyl)propionate,,
M_no_c,Nitric oxide,,
M_malttr_p,Maltotriose C18H32O16,,
M_ni2_p,Nickel,,
M_hpyr_c,Hydroxypyruvate,,
M_maltttr_p,Maltotetraose,,
M_phom_c,O-Phospho-L-homoserine,,
M_ni2_c,Nickel,,
M_malt_p,Maltose C12H22O11,,
M_nmn_p,NMN C11H14N2O8P,,
M_suchms_c,O-Succinyl-L-homoserine,,
M_malt6p_c,Maltose 6'-phosphate,,
M_imacp_c,3-(Imidazol-4-yl)-2-oxopropyl phosphate,,
M_quln_c,Quinolinate,,
M_hxan_c,Hypoxanthine,,
M_mal__L_p,L-Malate,,
M_no2_c,Nitrite,,
M_no2_p,Nitrite,,
M_man6p_p,D-Mannose 6-phosphate,,
M_no3_p,Nitrate,,
M_manglyc_p,2(alpha-D-Mannosyl)-D-glycerate,,
M_no3_c,Nitrate,,
M_pe140_p,"Phosphatidylethanolamine (ditetradecanoyl, n-C14:0)",,
M_man_p,D-Mannose,,
M_pe141_p,"Phosphatidylethanolamine (ditetradec-7-enoyl, n-C14:1)",,
M_no_p,Nitric oxide,,
M_2mcacn_c,Cis-2-Methylaconitate,,
M_sbzcoa_c,O-Succinylbenzoyl-CoA,,
M_pe180_p,"Phosphatidylethanolamine (dioctadecanoyl, n-C18:0)",,
M_2mcit_c,2-Methylcitrate,,
M_pe181_p,"Phosphatidylethanolamine (dioctadec-11-enoyl, n-C18:1)",,
M_xtsn_c,Xanthosine,,
M_micit_c,Methylisocitrate,,
M_xmp_p,Xanthosine 5'-phosphate,,
M_peamn_p,Phenethylamine,,
M_mercppyr_c,Mercaptopyruvate,,
M_tag6p__D_c,D-Tagatose 6-phosphate,,
M_xtsn_p,Xanthosine,,
M_murein5p5p_p,"Two linked disacharide pentapeptide murein units (uncrosslinked, middle of chain)",,
M_dimp_c,DIMP C10H12N4O7P,,
M_tagdp__D_c,"D-Tagatose 1,6-biphosphate",,
M_murein5px3p_p,"Two disacharide linked murein units, pentapeptide corsslinked tripeptide (A2pm->A2pm) (middle of chain)",,
M_3php_c,3-Phosphohydroxypyruvate,,
M_ump_p,UMP C9H11N2O9P,,
M_murein5px4px4p_p,Three disacharide linked murein units (pentapeptide crosslinked tetrapeptide (A2pm->D-ala) tetrapeptide corsslinked tetrapeptide (A2pm->D-ala)) (middle of chain),,
M_thymd_c,Thymidine C10H14N2O5,,
M_2pglyc_c,2-Phosphoglycolate,,
M_sucgsa_c,N2-Succinyl-L-glutamate 5-semialdehyde,,
M_pgp120_c,"Phosphatidylglycerophosphate (didodecanoyl, n-C12:0)",,
M_pgp120_p,"Phosphatidylglycerophosphate (didodecanoyl, n-C12:0)",,
M_pgp140_p,"Phosphatidylglycerophosphate (ditetradecanoyl, n-C14:0)",,
M_thymd_p,Thymidine C10H14N2O5,,
M_didp_c,DIDP; 2'-deoxyinosine-5'-diphosphate(3-),,
M_xdp_c,XDP,,
M_2shchc_c,"2-Succinyl-6-hydroxy-2,4-cyclohexadiene-1-carboxylate",,
M_o2s_p,Superoxide anion,,
M_pgp140_c,"Phosphatidylglycerophosphate (ditetradecanoyl, n-C14:0)",,
M_ohpb_c,2-Oxo-3-hydroxy-4-phosphobutanoate,,
M_dscl_c,Dihydrosirohydrochlorin,,
M_2omph_c,2-Octaprenyl-6-methoxyphenol,,
M_pgp141_p,"Phosphatidylglycerophosphate (ditetradec-7-enoyl, n-C14:1)",,
M_scl_c,Sirohydrochlorin,,
M_pgp141_c,"Phosphatidylglycerophosphate (ditetradec-7-enoyl, n-C14:1)",,
M_pgp160_c,"Phosphatidylglycerophosphate (dihexadecanoyl, n-C16:0)",,
M_2ombzl_c,"2-Octaprenyl-6-methoxy-1,4-benzoquinol",,
M_2ommbl_c,"2-Octaprenyl-3-methyl-6-methoxy- 1,4-benzoquinol",,
M_skm_c,Shikimate,,
M_orot5p_c,Orotidine 5'-phosphate,,
M_2oph_c,2-Octaprenylphenol,,
M_orot_p,Orotate C5H3N2O4,,
M_oaa_p,Oxaloacetate,,
M_oxur_c,Oxalureate,,
M_pgp160_p,"Phosphatidylglycerophosphate (dihexadecanoyl, n-C16:0)",,
M_pgp161_c,"Phosphatidylglycerophosphate (dihexadec-9-enoyl, n-C16:1)",,
M_pgp161_p,"Phosphatidylglycerophosphate (dihexadec-9-enoyl, n-C16:1)",,
M_pgp180_p,"Phosphatidylglycerophosphate (dioctadecanoyl, n-C18:0)",,
M_pgp180_c,"Phosphatidylglycerophosphate (dioctadecanoyl, n-C18:0)",,
M_pgp181_p,"Phosphatidylglycerophosphate (dioctadec-11-enoyl, n-C18:1)",,
M_pgp181_c,"Phosphatidylglycerophosphate (dioctadec-11-enoyl, n-C18:1)",,
M_ssaltpp_c,Succinate semialdehyde-thiamin diphosphate anion,,
M_skm_p,Shikimate,,
M_pacald_c,Phenylacetaldehyde,,
M_pacald_p,Phenylacetaldehyde,,
M_pheme_p,Protoheme C34H30FeN4O4,,
M_so2_p,Sulfur dioxide,,
M_phpyr_c,Phenylpyruvate,,
M_pnto__R_c,(R)-Pantothenate,,
M_so4_p,Sulfate,,
M_pant__R_c,(R)-Pantoate,,
M_phetrna_c,L-Phenylalanyl-tRNA(Phe),,
M_N1aspmd_c,N1-Acetylspermidine,,
M_trnaphe_c,TRNA(Phe),,
M_ugmda_c,"UDP-N-acetylmuramoyl-L-alanyl-D-glutamyl-meso-2,6-diaminopimeloyl-D-alanyl-D-alanine",,
M_phe__L_p,L-Phenylalanine,,
M_n8aspmd_c,N8-Acetylspermidine,,
M_4r5au_c,4-(1-D-Ribitylamino)-5-aminouracil,,
M_uagmda_c,"Undecaprenyl-diphospho-N-acetylmuramoyl-L-alanyl-D-glutamyl-meso-2,6-diaminopimeloyl-D-alanyl-D-alanine",,
M_spmd_p,Spermidine,,
M_pdx5p_c,Pyridoxine 5'-phosphate,,
M_pydxn_c,Pyridoxine,,
M_4ppan_c,D-4'-Phosphopantothenate,,
M_sucbz_c,O-Succinylbenzoate,,
M_pnto__R_p,(R)-Pantothenate,,
M_pe120_p,"Phosphatidylethanolamine (didodecanoyl, n-C12:0)",,
M_sucr_p,Sucrose C12H22O11,,
M_ppap_c,Propanoyl phosphate,,
M_sulfac_p,Sulfoacetate,,
M_ppal_p,Propanal,,
M_ppa_p,Propionate (n-C3:0),,
M_tartr__L_p,L-tartrate,,
M_pan4p_c,Pantetheine 4'-phosphate,,
M_copre3_c,Cobalt-precorrin 3,,
M_taur_p,Taurine C2H7NO3S,,
M_4ppcys_c,N-((R)-4-Phosphopantothenoyl)-L-cysteine,,
M_thmmp_c,Thiamin monophosphate,,
M_r1p_c,Alpha-D-Ribose 1-phosphate,,
M_copre4_c,Cobalt-precorrin 4,,
M_codscl5a_c,Cobalt-precorrin-5a,,
M_34hpp_c,3-(4-Hydroxyphenyl)pyruvate,,
M_dtdp4aaddg_c,"DTDP-4-acetamido-4,6-dideoxy-D-galactose",,
M_pphn_c,Prephenate,,
M_codscl5b_c,Cobalt-precorrin-5b,,
M_copre6_c,Cobalt-precorrin 6,,
M_dtdp4addg_c,"DTDP-4-amino-4,6-dideoxy-D-galactose",,
M_codhpre6_c,Cobalt-dihydro-precorrin 6,,
M_pppn_c,Phenylpropanoate,,
M_pppn_p,Phenylpropanoate,,
M_dtdp4d6dg_c,DTDP-4-dehydro-6-deoxy-D-glucose,,
M_ppt_p,Phosphonate,,
M_codscl7_c,Cobalt-precorrin-7,,
M_dtdp4d6dm_c,DTDP-4-dehydro-6-deoxy-L-mannose,,
M_codscl8x_c,Cobalt-precorrin-8x,,
M_cobya_c,Cobyrinate,,
M_fpram_c,2-(Formamido)-N1-(5-phospho-D-ribosyl)acetamidine,,
M_thm_c,Thiamin,,
M_prbamp_c,1-(5-Phosphoribosyl)-AMP,,
M_cob2nda_c,Cob-II-yrinate-a-c-diamide,,
M_thm_p,Thiamin,,
M_cob1nda_c,Cob-I-yrinate-a-c-diamide,,
M_prfp_c,1-(5-Phosphoribosyl)-5-[(5-phosphoribosylamino)methylideneamino]imidazole-4-carboxamide,,
M_thrtrna_c,L-Threonyl-tRNA(Thr),,
M_progly_p,L-Prolinylglycine,,
M_adcob1nda_c,Adenosyl-cobyrinate-a-c-diamide,,
M_trnathr_c,TRNA(Thr),,
M_adcobn_c,Adenosylcobyric-acid,,
M_thrp_c,L-Threonine O-3-phosphate,,
M_trnapro_c,TRNA(Pro),,
M_thym_c,Thymine C5H6N2O2,,
M_protrna_c,L-Prolyl-tRNA(Pro),,
M_pro__L_p,L-Proline,,
M_applp_c,D-1-Aminopropan-2-ol O-phosphate,,
M_thym_p,Thymine C5H6N2O2,,
M_5prdmbz_c,"N1-(5-Phospho-alpha-D-ribosyl)-5,6-dimethylbenzimidazole",,
M_psclys_p,Psicoselysine,,
M_tmao_p,Trimethylamine N-oxide,,
M_skm5p_c,Shikimate 5-phosphate,,
M_adocblp_c,Adenosylcobalamin-phosphate,,
M_tma_p,Trimethylamine,,
M_dmbzid_c,"5,6-Dimethylbenzimidazole",,
M_ps120_c,"Phosphatidylserine (didodecanoyl, n-C12:0)",,
M_2tpr3dpcoa_c,2'-(5''-triphosphoribosyl)-3'-dephospho-CoA,,
M_ps140_c,"Phosphatidylserine (ditetradecanoyl, n-C14:0)",,
M_ps141_c,"Phosphatidylserine (ditetradec-7-enoyl, n-C14:1)",,
M_ps160_c,"Phosphatidylserine (dihexadecanoyl, n-C16:0)",,
M_remnant1_c,Residual-atoms-of-reaction-DMBZIDSYN,,
M_app_c,R-1-Amino-2-propanol,,
M_remnant1_e,Residual-atoms-of-reaction-DMBZIDSYN,,
M_tre6p_c,"Alpha,alpha'-Trehalose 6-phosphate",,
M_remnant1_p,Residual-atoms-of-reaction-DMBZIDSYN,,
M_ps161_c,"Phosphatidylserine (dihexadec-9-enoyl, n-C16:1)",,
M_ps180_c,"Phosphatidylserine (dioctadecanoyl, n-C18:0)",,
M_tre_c,Trehalose,,
M_ps181_c,"Phosphatidylserine (dioctadec-11-enoyl, n-C18:1)",,
M_colipa20Oag_e,O-antigen-x20-core-oligosaccharide-lipid-A,,
M_tre_p,Trehalose,,
M_pser__L_c,O-Phospho-L-serine,,
M_trnatrp_c,TRNA(Trp),,
M_pser__L_p,O-Phospho-L-serine,,
M_trptrna_c,L-Tryptophanyl-tRNA(Trp),,
M_thrp_p,L-Threonine O-3-phosphate,,
M_trp__L_p,L-Tryptophan,,
M_thr__L_p,L-Threonine,,
M_ptrc_p,Putrescine,,
M_colipa20Oag_p,O-antigen-x20-core-oligosaccharide-lipid-A,,
M_tungs_c,Tungstate,,
M_udcdp20Oag_p,Undecaprenyl-diphosphate-O-antigene-20x,,
M_udcdpgalrmnmanabe_c,Undecaprenyl-diphosphate-galactose-rhamnose-mannose-abequose,,
M_xan_c,Xanthine,,
M_tungs_p,Tungstate,,
M_pydx_c,Pyridoxal,,
M_udcdpgalrmnmanabe_p,Undecaprenyl-diphosphate-galactose-rhamnose-mannose-abequose,,
M_tym_p,Tyramine,,
M_udcdpgal_c,Undecaprenyl-diphosphate-galactose,,
M_pyr_p,Pyruvate,,
M_tyr__L_p,L-Tyrosine,,
M_o2s_c,Superoxide anion,,
M_udcdpgalrmn_c,Undecaprenyl-diphosphate-galactose-rhamnose,,
M_tyrp_p,Phosphotyrosine,,
M_udcdpgalrmnman_c,Undecaprenyl-diphosphate-galactose-rhamnose-mannose,,
M_rib__D_p,D-Ribose,,
M_r5p_p,Alpha-D-Ribose 5-phosphate,,
M_tyrtrna_c,L-Tyrosyl-tRNA(Tyr),,
M_dmlz_c,"6,7-Dimethyl-8-(1-D-ribityl)lumazine",,
M_cdpabeq_c,CDP-abequose,,
M_trnatyr_c,TRNA(Tyr),,
M_ru5p__L_c,L-Ribulose 5-phosphate,,
M_u3hga_c,UDP-3-O-(3-hydroxytetradecanoyl)-D-glucosamine,,
M_xu5p__D_c,D-Xylulose 5-phosphate,,
M_uamag_c,UDP-N-acetylmuramoyl-L-alanyl-D-glutamate,,
M_dtdprmn_c,DTDP-L-rhamnose,,
M_ugmd_c,"UDP-N-acetylmuramoyl-L-alanyl-D-gamma-glutamyl-meso-2,6-diaminopimelate",,
M_rmn_c,L-Rhamnose,,
M_udcdp2Oag_p,Undecaprenyl-diphosphate-O-antigene-2x,,
M_udpacgal_p,UDP-N-acetyl-D-galactosamine,,
M_udcdp3Oag_p,Undecaprenyl-diphosphate-O-antigene-3x,,
M_rml_c,L-Rhamnulose,,
M_uacgam_p,UDP-N-acetyl-D-glucosamine,,
M_rml1p_c,L-Rhamnulose 1-phosphate,,
M_udcdp4Oag_p,Undecaprenyl-diphosphate-O-antigene-4x,,
M_udcdp5Oag_p,Undecaprenyl-diphosphate-O-antigene-5x,,
M_rmn_p,L-Rhamnose,,
M_uacmam_c,UDP-N-acetyl-D-mannosamine,,
M_s7p_c,Sedoheptulose 7-phosphate,,
M_udcdp6Oag_p,Undecaprenyl-diphosphate-O-antigene-6x,,
M_u3aga_c,UDP-3-O-(3-hydroxytetradecanoyl)-N-acetylglucosamine,,
M_udcdp7Oag_p,Undecaprenyl-diphosphate-O-antigene-7x,,
M_sucorn_c,N2-Succinyl-L-ornithine,,
M_uaccg_c,UDP-N-acetyl-3-O-(1-carboxyvinyl)-D-glucosamine,,
M_sarcs_c,Sarcosine C3H7NO2,,
M_udcdp8Oag_p,Undecaprenyl-diphosphate-O-antigene-8x,,
M_uama_c,UDP-N-acetylmuramoyl-L-alanine,,
M_udcdp9Oag_p,Undecaprenyl-diphosphate-O-antigene-9x,,
M_sbt6p_c,D-Sorbitol 6-phosphate,,
M_sbt__D_p,D-Sorbitol,,
M_udcdp10Oag_p,Undecaprenyl-diphosphate-O-antigene-10x,,
M_uamr_c,UDP-N-acetylmuramate,,
M_udcdp11Oag_p,Undecaprenyl-diphosphate-O-antigene-11x,,
M_sl26da_c,"N-Succinyl-LL-2,6-diaminoheptanedioate",,
M_udpgal_c,UDPgalactose,,
M_sl2a6o_c,N-Succinyl-2-L-amino-6-oxoheptanedioate,,
M_udcdp12Oag_p,Undecaprenyl-diphosphate-O-antigene-12x,,
M_udpgal_p,UDPgalactose,,
M_udcdp13Oag_p,Undecaprenyl-diphosphate-O-antigene-13x,,
M_selnp_c,Selenophosphate,,
M_udpglcur_c,UDP-D-glucuronate,,
M_udcdp14Oag_p,Undecaprenyl-diphosphate-O-antigene-14x,,
M_udpLa4o_c,UDP-4-keto-pyranose,,
M_udcdp15Oag_p,Undecaprenyl-diphosphate-O-antigene-15x,,
M_udpglcur_p,UDP-D-glucuronate,,
M_udcdp16Oag_p,Undecaprenyl-diphosphate-O-antigene-16x,,
M_udpg_p,UDPglucose,,
M_udcdp17Oag_p,Undecaprenyl-diphosphate-O-antigene-17x,,
M_udcdp18Oag_p,Undecaprenyl-diphosphate-O-antigene-18x,,
M_udpLa4n_c,Uridine 5''-diphospho-{beta}-4-deoxy-4-amino-L-arabinose,,
M_udcdp19Oag_p,Undecaprenyl-diphosphate-O-antigene-19x,,
M_udpLa4fn_c,Uridine 5''-diphospho-{beta}-4-deoxy-4-formamido-L-arabinose,,
M_cdpglc_c,CDP-glucose,,
M_sertrna_sec_c,L-Seryl-tRNA(Sec),,
M_uLa4n_c,Undecaprenyl phosphate-4-amino-4-deoxy-L-arabinose,,
M_sectrna_c,L-Selenocysteinyl-tRNA(Sec),,
M_cdp4dh6doglc_c,CDP-4-dehydro-6-deoxy-D-glucose,,
M_um4p_c,"UDP-N-acetylmuramoyl-L-alanyl-D-gamma-glutamyl-meso-2,6-diaminopimelate-D-alanine",,
M_cdp4dh36ddglc_c,CDP-4-dehydro-3-6-dideoxy-D-glucose,,
M_seln_c,Selenide,,
M_uLa4fn_c,Undecaprenyl phosphate-4-amino-4-formyl-L-arabinose,,
M_sertrna_c,L-Seryl-tRNA(Ser),,
M_salchs4_e,Salmochelin-S4,,
M_uppg3_c,Uroporphyrinogen III,,
M_salchs4fe_e,Salmochelin-S4-Fe-III,,
M_trnaser_c,TRNA(Ser),,
M_ura_p,Uracil,,
M_trnasecys_c,TRNA(SeCys),,
M_salchs4fe_p,Salmochelin-S4-Fe-III,,
M_salchs4fe_c,Salmochelin-S4-Fe-III,,
M_urea_p,Urea CH4N2O,,
M_Sfglutth_c,S-Formylglutathione,,
M_urate_c,Urate C5H4N4O3,,
M_sucglu_c,N2-Succinyl-L-glutamate,,
M_salchs4_p,Salmochelin-S4,,
M_salchs4_c,Salmochelin-S4,,
M_valtrna_c,L-Valyl-tRNA(Val),,
M_trnaval_c,TRNA(Val),,
M_salchsx_c,Salmochelin-SX,,
M_val__L_p,L-Valine,,
M_salchsx_e,Salmochelin-SX,,
M_xan_p,Xanthine,,
M_salchsx_p,Salmochelin-SX,,
M_xyl__D_c,D-Xylose,,
M_acanth_c,N-Acetylanthranilate,,
M_feroxBfe_e,Ferrioxamine-B-fe,,
M_xylu__D_c,D-Xylulose,,
M_feroxE_e,Ferrioxamine-E,,
M_galt1p_c,Galactitol 1-phosphate,,
M_xylu__L_p,L-Xylulose,,
M_fruur_c,D-Fructuronate,,
M_feroxEfe_e,Ferrioxamine-E-fe,,
M_xyl__D_p,D-Xylose,,
M_tagur_c,D-Tagaturonate,,
M_zn2_p,Zinc,,
M_mana_c,D-Mannonate,,
M_feroxG_e,Ferrioxamine-G,,
M_2ameph_e,2-Aminoethylphosphonate,,
M_feroxGfe_e,Ferrioxamine-G-fe,,
M_tag__D_e,D-Tagatose,,
M_2ameph_p,2-Aminoethylphosphonate,,
M_tag__D_p,D-Tagatose,,
M_2ameph_c,2-Aminoethylphosphonate,,
M_tag1p__D_c,D-Tagatose-1-phosphate,,
M_feroxBfe_c,Ferrioxamine-B-fe,,
M_Pald_c,Phosphonoacetaldehyde,,
M_feroxBfe_p,Ferrioxamine-B-fe,,
M_tet_p,Tetrathionate,,
M_airs_c,Aminoimidazole-riboside,,
M_feroxEfe_p,Ferrioxamine-E-fe,,
M_4hoxpac_e,4 Hydroxyphenylacetic acid C8H8O3,,
M_feroxEfe_c,Ferrioxamine-E-fe,,
M_airs_e,Aminoimidazole-riboside,,
M_4hoxpac_p,4 Hydroxyphenylacetic acid C8H8O3,,
M_airs_p,Aminoimidazole-riboside,,
M_feroxGfe_c,Ferrioxamine-G-fe,,
M_4hoxpac_c,4 Hydroxyphenylacetic acid C8H8O3,,
M_feroxGfe_p,Ferrioxamine-G-fe,,
M_3pg_p,3-Phospho-D-glycerate,,
M_2pg_p,D-Glycerate 2-phosphate,,
M_34dhpacet_c,3-4-Dihydroxyphenylacetate,,
M_pep_p,Phosphoenolpyruvate,,
M_feroxB_c,Ferrioxamine-B,,
M_5cmhmsa_c,2-Hydroxy-5-carboxymethylmuconate-Semialdehyde,,
M_feroxE_c,Ferrioxamine-E,,
M_pep_e,Phosphoenolpyruvate,,
M_5cmhm_c,5-Carboxymethyl-2-hydroxymuconate,,
M_2pg_e,D-Glycerate 2-phosphate,,
M_3pg_e,3-Phospho-D-glycerate,,
M_feroxG_c,Ferrioxamine-G,,
M_5cohe_c,5-Carboxy-2-oxohept-3-enedioate,,
M_feroxG_p,Ferrioxamine-G,,
M_tartr__L_c,L-tartrate,,
M_2hh24dd_c,2-Hydroxyhepta-2-4-dienedioate,,
M_udpgalfur_c,"UDP-D-galacto-1,4-furanose",,
M_feroxE_p,Ferrioxamine-E,,
M_4h2kpi_c,4-Hydroxy-2-ketopimelate,,
M_feroxB_p,Ferrioxamine-B,,
M_tet_e,Tetrathionate,,
M_ppoh_c,1-Propanol,,
M_frmd_e,Formamide,,
M_drib_e,Deoxyribose C5H10O4,,
M_copre2_c,Cobalt-precorrin-2,,
M_drib_c,Deoxyribose C5H10O4,,
M_frmd_p,Formamide,,
M_frmd_c,Formamide,,
M_tartr__D_e,D-tartrate,,
M_tartr__D_p,D-tartrate,,
M_tartr__D_c,D-tartrate,,
M_urcan_c,Urocanate C6H5N2O2,,
M_nflgln_c,N-Formimino-L-glutamate,,
M_4izp_c,4-Imidazolone-5-propanoate,,
M_4abz_e,4-Aminobenzoate,,
M_feroxB_e,Ferrioxamine-B,,
M_drib_p,Deoxyribose C5H10O4,,
M_scys__L_c,S-Sulfo-L-cysteine,,
M_2ohed_c,"2-Oxohept-3-ene-1,7-dioate",,
M_2ins_c,2-Inosose,,
M_msa_c,Malonate semialdehyde,,
M_chit6p_c,Chitobiose-6-phosphate,,
M_d5kgp_c,2-Deoxy-5-keto-D-gluconic acid 6-phosphate,,
M_d5kg_c,2-Deoxy-5-keto-D-gluconic acid,,
M_24dhhed_c,"2,4-Dihydroxyhept-2-enedioate",,
M_dkdi_c,"D-2,3-Diketo 4-deoxy-epi-inositol",,
M_rnam_e,N Ribosylnicotinamide C11H15N2O5,,
M_rnam_c,N Ribosylnicotinamide C11H15N2O5,,
M_udcpo5_c,Undecaprenyl diphosphate galactose-rhamnose-mannose-abequose-acetyl,,
M_udcpo4_c,Undecaprenyl diphosphate galactose-rhamnose-mannose-abequose,,
M_udcpgrm_c,Undecaprenyl diphosphate galactose-rhamnose-mannose,,
M_udcpgr_c,Undecaprenyl diphosphate galactose-rhamnose,,
M_udcpg_c,Undecaprenyl diphosphate galactose,,
M_tcb_c,Tricarballylate,,
M_chitob_p,Chitobiose C16H28N2O11,,
M_rnam_p,N Ribosylnicotinamide C11H15N2O5,,
M_udcpo5_p,Undecaprenyl diphosphate galactose-rhamnose-mannose-abequose-acetyl,,
M_udcpo5_e,Undecaprenyl diphosphate galactose-rhamnose-mannose-abequose-acetyl,,
M_tcb_p,Tricarballylate,,
M_tcb_e,Tricarballylate,,
M_tton_p,Trithionate,,
M_tton_e,Trithionate,,
M_psd5p_c,Pseudouridine 5  phosphate C9H11N2O9P,,
M_peptido_ST_p,Membrane murein mixture,,
M_clpn2_ST_p,Membrane cardiolipin mixture,,
M_pg2_ST_p,Membrane phosphatidylglycerol mixture,,
M_12dgr2_ST_p,"Membrane 1,2-diacylglycerol mixture",,
M_pe2_ST_p,Membrane phosphatidylethanolamine mixture,,
M_ps2_ST_p,Membrane phosphatidylserine mixture,,
M_colipaOA_e,Membrane LPS mixture,,
M_pa2_ST_p,Membrane phosphatidate mixture,,
M_OA_ST_p,OA ST[p],,
M_udcpo4_p,Undecaprenyl diphosphate galactose-rhamnose-mannose-abequose,,
M_udcpo4_e,Undecaprenyl diphosphate galactose-rhamnose-mannose-abequose,,
M_pydx_p,Pyridoxal,,
M_pydxn_p,Pyridoxine,,
M_4hthr_p,4-Hydroxy-L-threonine,,
M_4hthr_e,4-Hydroxy-L-threonine,,
M_23dhbzs3_p,2-3-dihydroxybenzoylserine trimer,,
M_salchs2_p,Salmochelin-S2,,
M_salchs2fe_p,Salmochelin-S2-Fe-III,,
M_23dhbzs3_e,2-3-dihydroxybenzoylserine trimer,,
M_fe3dhbzs3_e,2-3-dihydroxybenzoylserine trimer-Fe-III,,
M_fe3dhbzs3_p,2-3-dihydroxybenzoylserine trimer-Fe-III,,
M_fe3dhbzs3_c,2-3-dihydroxybenzoylserine trimer-Fe-III,,
M_23dhbzs3_c,2-3-dihydroxybenzoylserine trimer,,
M_salchs2_e,Salmochelin-S2,,
M_salchs2fe_e,Salmochelin-S2-Fe-III,,
M_salchs2fe_c,Salmochelin-S2-Fe-III,,
M_salchs2_c,Salmochelin-S2,,
M_salchs1_c,Salmochelin-S1,,
M_23dhbzs2_c,2-3-dihydroxybenzoylserine dimer,,
M_entermg_c,Enterobactin monoglycosylated,,
M_guln__L_p,L-gulonate,,
M_guln__L_e,L-gulonate,,
M_guln__L_c,L-gulonate,,
M_dxyl_p,1-deoxy-D-xylulose,,
M_dxyl_e,1-deoxy-D-xylulose,,
M_murein_lpp_p,Braun lipoprotein conjugated with murein,,
M_apolpp_p,Braun apolipoprotein,,
M_lpp_sp_p,Braun lipoprotein signal peptide,,
M_diglyceride_prolpp_c,Diglyceride Braun prolipoprotein,,
M_glyceryl_prolpp_c,Glyceryl Braun prolipoprotein,,
M_prolpp_c,Braun prolipoprotein,,
